ticker,year,mean_return_daily,median_return_daily,volatility_daily,annual_return,mean_close,mean_volume,total_volume,trading_days,sector,industry,marketcap,ev,tobins_q_proxy,roe,roa,der,revenueGrowth,earningsGrowth,beta,is_financial,is_sharia,const
ADHI,2010,0.0027582874977095445,0.0,0.029610864193448053,1.3254705549721302,401.7471428571429,14524985.314285714,3558621402.0,244,Industrials,Engineering & Construction,1261141360640,9343310233600.0,0.41764233,-0.82901,-0.01937,247.473,-0.011,485.887,0.273,False,1,1
ADHI,2011,-0.0017346306330972984,0.0,0.02507453942259658,-0.34367000532582004,443.91145748987856,7369489.0,1820263783.0,247,Industrials,Engineering & Construction,1261141360640,9343310233600.0,0.41764233,-0.82901,-0.01937,247.473,-0.011,485.887,0.273,False,1,1
ADHI,2012,0.004542473270070481,0.0,0.025662524856474446,2.137894929717562,690.3332520325204,10519659.414634146,2587836216.0,246,Industrials,Engineering & Construction,1261141360640,9343310233600.0,0.41764233,-0.82901,-0.01937,247.473,-0.011,485.887,0.273,False,1,1
ADHI,2013,-0.000576382750075236,0.0,0.03265829930219711,-0.13543882479541525,1691.1661475409835,25741097.04918033,6280827680.0,244,Industrials,Engineering & Construction,1261141360640,9343310233600.0,0.41764233,-0.82901,-0.01937,247.473,-0.011,485.887,0.273,False,1,1
ADHI,2014,0.003782722683486554,0.0,0.025153254933516066,1.30678334910123,1926.1946721311476,34565890.524590164,8434077288.0,244,Industrials,Engineering & Construction,1261141360640,9343310233600.0,0.41764233,-0.82901,-0.01937,247.473,-0.011,485.887,0.273,False,1,1
ADHI,2015,-0.0007736784552807291,-0.0023619433152370917,0.028772219553104827,-0.2859703613803677,1912.4117142857142,28820613.27755102,7061050253.0,245,Industrials,Engineering & Construction,1261141360640,9343310233600.0,0.41764233,-0.82901,-0.01937,247.473,-0.011,485.887,0.273,False,1,1
ADHI,2016,-0.00032989162672009907,0.0,0.02020626326189663,0.0146471448471992,2110.2802032520326,25093068.69105691,6172894898.0,246,Industrials,Engineering & Construction,1261141360640,9343310233600.0,0.41764233,-0.82901,-0.01937,247.473,-0.011,485.887,0.273,False,1,1
ADHI,2017,-0.0003788781885204406,0.0,0.021329574809376202,-0.08353794356745292,1819.1770472440944,17701482.858267717,4496176646.0,254,Industrials,Engineering & Construction,1261141360640,9343310233600.0,0.41764233,-0.82901,-0.01937,247.473,-0.011,485.887,0.273,False,1,1
ADHI,2018,-0.0004254845906972279,0.0,0.021501295920823216,-0.14767549557725657,1529.3417624521073,10321383.513409961,2693881097.0,261,Industrials,Engineering & Construction,1261141360640,9343310233600.0,0.41764233,-0.82901,-0.01937,247.473,-0.011,485.887,0.273,False,1,1
ADHI,2019,-0.0010582880526050725,0.0,0.01964898168718739,-0.23893637504011211,1290.3022868217054,8923847.914728682,2302352762.0,258,Industrials,Engineering & Construction,1261141360640,9343310233600.0,0.41764233,-0.82901,-0.01937,247.473,-0.011,485.887,0.273,False,1,1
ADHI,2020,-0.00019592208200629903,0.0,0.03514616221563112,0.3526417091713985,673.1558264462809,30168821.785123967,7300854872.0,242,Industrials,Engineering & Construction,1261141360640,9343310233600.0,0.41764233,-0.82901,-0.01937,247.473,-0.011,485.887,0.273,False,1,1
ADHI,2021,-0.0023439396101135007,-0.004358964178394764,0.03192125516781416,-0.4440984940984941,988.1075303643725,29476674.53036437,7280738609.0,247,Industrials,Engineering & Construction,1261141360640,9343310233600.0,0.41764233,-0.82901,-0.01937,247.473,-0.011,485.887,0.273,False,1,1
ADHI,2022,-0.0021806094406148185,0.0,0.024894367471219564,-0.4254510921177588,669.0339837398374,18447648.752032522,4538121593.0,246,Industrials,Engineering & Construction,1261141360640,9343310233600.0,0.41764233,-0.82901,-0.01937,247.473,-0.011,485.887,0.273,False,1,1
ADHI,2023,-0.0019127384782830583,-0.004454350349380576,0.0267237479039846,-0.3553719008264463,428.510460251046,20470320.083682008,4892406500.0,239,Industrials,Engineering & Construction,1261141360640,9343310233600.0,0.41764233,-0.82901,-0.01937,247.473,-0.011,485.887,0.273,False,1,1
ADHI,2024,-0.0026568681560174092,-0.00630916919326463,0.02716948458795038,-0.33333333333333337,268.51476793248946,38385353.164556965,9097328700.0,237,Industrials,Engineering & Construction,1261141360640,9343310233600.0,0.41764233,-0.82901,-0.01937,247.473,-0.011,485.887,0.273,False,1,1
ADHI,2025,0.000289266434367663,-0.006995173528313359,0.030631423230925648,0.17543859649122817,246.58898305084745,34238201.69491526,8080215600.0,236,Industrials,Engineering & Construction,1261141360640,9343310233600.0,0.41764233,-0.82901,-0.01937,247.473,-0.011,485.887,0.273,False,1,1
ADHI,2026,-0.0054876681926763924,-0.006006024060211779,0.02947406529777113,-0.44852941176470584,205.11111111111111,12052640.17094017,1410158900.0,117,Industrials,Engineering & Construction,1261141360640,9343310233600.0,0.41764233,-0.82901,-0.01937,247.473,-0.011,485.887,0.273,False,1,1
ADRO,2010,0.0016696980288266933,0.0,0.0235616410316502,0.47636841947923836,396.8964081632653,81290887.77959184,19916267506.0,244,Energy,Thermal Coal,65089113686016,65088715227136.0,13294.117,0.10256,0.05422,19.536,0.234,0.748,-0.285,False,1,1
ADRO,2011,-0.0012170131221140863,0.0,0.02711709433033807,-0.3250332966587527,433.59214574898783,58848117.408906884,14535485000.0,247,Energy,Thermal Coal,65089113686016,65088715227136.0,13294.117,0.10256,0.05422,19.536,0.234,0.748,-0.285,False,1,1
ADRO,2012,6.2536348719625e-05,0.0,0.02221194710185341,-0.0517687661777394,324.2676829268293,38546754.07723577,9482501503.0,246,Energy,Thermal Coal,65089113686016,65088715227136.0,13294.117,0.10256,0.05422,19.536,0.234,0.748,-0.285,False,1,1
ADRO,2013,-0.0018622054570786553,0.0,0.027862499101040484,-0.35684589800443456,238.58159836065576,51010524.63114754,12446568010.0,244,Energy,Thermal Coal,65089113686016,65088715227136.0,13294.117,0.10256,0.05422,19.536,0.234,0.748,-0.285,False,1,1
ADRO,2014,-2.1684963019069045e-05,0.0,0.025616533570656463,0.0020384649472657834,237.56053278688523,60107192.21311475,14666154900.0,244,Energy,Thermal Coal,65089113686016,65088715227136.0,13294.117,0.10256,0.05422,19.536,0.234,0.748,-0.285,False,1,1
ADRO,2015,-0.0026626234870719707,-0.00502594717907634,0.029753507736378977,-0.4784627631346188,166.75930612244898,46144717.551020406,11305455800.0,245,Energy,Thermal Coal,65089113686016,65088715227136.0,13294.117,0.10256,0.05422,19.536,0.234,0.748,-0.285,False,1,1
ADRO,2016,0.005003770676195123,0.002950033858315937,0.03253648937841349,2.5630304101838757,236.05971544715447,54014944.30894309,13287676300.0,246,Energy,Thermal Coal,65089113686016,65088715227136.0,13294.117,0.10256,0.05422,19.536,0.234,0.748,-0.285,False,1,1
ADRO,2017,0.0005456157201095566,0.0,0.020938811044557137,0.134226522763925,417.8551968503937,31135622.83464567,7908448200.0,254,Energy,Thermal Coal,65089113686016,65088715227136.0,13294.117,0.10256,0.05422,19.536,0.234,0.748,-0.285,False,1,1
ADRO,2018,-0.0006565135563402203,0.0,0.02606134781416639,-0.30355463195887566,472.24478927203063,62936959.00383142,16426546300.0,261,Energy,Thermal Coal,65089113686016,65088715227136.0,13294.117,0.10256,0.05422,19.536,0.234,0.748,-0.285,False,1,1
ADRO,2019,0.0010088239566099608,0.0,0.025434547256110274,0.3385891073559897,355.53634241245135,54077501.16731518,13897917800.0,257,Energy,Thermal Coal,65089113686016,65088715227136.0,13294.117,0.10256,0.05422,19.536,0.234,0.748,-0.285,False,1,1
ADRO,2020,0.0004505692320733382,0.0,0.03376696177154573,0.0397334830254068,341.0811570247934,80688623.55371901,19526646900.0,242,Energy,Thermal Coal,65089113686016,65088715227136.0,13294.117,0.10256,0.05422,19.536,0.234,0.748,-0.285,False,1,1
ADRO,2021,0.002140894961504397,0.0,0.025301897263685525,0.7546429807359556,439.8830769230769,115495983.40080972,28527507900.0,247,Energy,Thermal Coal,65089113686016,65088715227136.0,13294.117,0.10256,0.05422,19.536,0.234,0.748,-0.285,False,1,1
ADRO,2022,0.002123307949335199,0.0,0.02750266064822098,0.6993296800689042,1127.979674796748,119919654.47154471,29500235000.0,246,Energy,Thermal Coal,65089113686016,65088715227136.0,13294.117,0.10256,0.05422,19.536,0.234,0.748,-0.285,False,1,1
ADRO,2023,-0.00096144698379429,0.0,0.023184579899002643,-0.20336511910459854,1079.039581589958,60091664.43514644,14361907800.0,239,Energy,Thermal Coal,65089113686016,65088715227136.0,13294.117,0.10256,0.05422,19.536,0.234,0.748,-0.285,False,1,1
ADRO,2024,0.0027367275064348467,0.0,0.02215716527989173,0.744228577486814,1503.3464135021095,73077781.43459916,17319434200.0,237,Energy,Thermal Coal,65089113686016,65088715227136.0,13294.117,0.10256,0.05422,19.536,0.234,0.748,-0.285,False,1,1
ADRO,2025,-0.000607152433051965,-0.002617518078860126,0.025031129864143437,-0.16092026718689934,1635.9517796610169,94504167.37288135,22302983500.0,236,Energy,Thermal Coal,65089113686016,65088715227136.0,13294.117,0.10256,0.05422,19.536,0.234,0.748,-0.285,False,1,1
ADRO,2026,0.0023102572206545233,0.0,0.024946945487300975,0.30315698428715576,2267.4029059829063,106833944.44444445,12499571500.0,117,Energy,Thermal Coal,65089113686016,65088715227136.0,13294.117,0.10256,0.05422,19.536,0.234,0.748,-0.285,False,1,1
ALTO,2012,-0.0010828284279189584,0.0,0.022201823165363534,0.0,332.93252173913044,1947299.2869565217,223939418.0,114,Consumer Defensive,Beverages - Non-Alcoholic,39453667328,609944600576.0,0.13290901,-0.13365,-0.02279,191.36,-0.821,,0.03,False,1,1
ALTO,2013,0.001791401883117861,0.0,0.026252963420955025,0.8272744758607424,570.6254918032787,8067558.331967213,1968484233.0,244,Consumer Defensive,Beverages - Non-Alcoholic,39453667328,609944600576.0,0.13290901,-0.13365,-0.02279,191.36,-0.821,,0.03,False,1,1
ALTO,2014,-0.001350111870660816,0.0,0.015329211454592354,-0.38245614035087716,455.71311475409834,1701693.0327868853,415213100.0,244,Consumer Defensive,Beverages - Non-Alcoholic,39453667328,609944600576.0,0.13290901,-0.13365,-0.02279,191.36,-0.821,,0.03,False,1,1
ALTO,2015,-0.0002054509048703218,0.0,0.015633354697071604,-0.07670454545454541,339.3265306122449,743205.7142857143,182085400.0,245,Consumer Defensive,Beverages - Non-Alcoholic,39453667328,609944600576.0,0.13290901,-0.13365,-0.02279,191.36,-0.821,,0.03,False,1,1
ALTO,2016,6.206289484060319e-05,0.0,0.007452843607920576,0.003039513677811634,328.1585365853659,242734.55284552847,59712700.0,246,Consumer Defensive,Beverages - Non-Alcoholic,39453667328,609944600576.0,0.13290901,-0.13365,-0.02279,191.36,-0.821,,0.03,False,1,1
ALTO,2017,0.002251308339288756,0.0,0.028939636665551785,0.17575757575757578,343.1417322834646,4274609.842519685,1085750900.0,254,Consumer Defensive,Beverages - Non-Alcoholic,39453667328,609944600576.0,0.13290901,-0.13365,-0.02279,191.36,-0.821,,0.03,False,1,1
ALTO,2018,0.000533155432621391,0.0,0.021172914996263174,0.030927835051546282,386.176245210728,7171521.072796935,1871767000.0,261,Consumer Defensive,Beverages - Non-Alcoholic,39453667328,609944600576.0,0.13290901,-0.13365,-0.02279,191.36,-0.821,,0.03,False,1,1
ALTO,2019,0.00013506954907964116,0.0,0.012972955541281136,-0.0050000000000000044,388.03891050583655,1054698.832684825,271057600.0,257,Consumer Defensive,Beverages - Non-Alcoholic,39453667328,609944600576.0,0.13290901,-0.13365,-0.02279,191.36,-0.821,,0.03,False,1,1
ALTO,2020,-0.0020110570199207618,0.0,0.028130133013518934,-0.22613065326633164,358.7685950413223,1832731.4049586777,443521000.0,242,Consumer Defensive,Beverages - Non-Alcoholic,39453667328,609944600576.0,0.13290901,-0.13365,-0.02279,191.36,-0.821,,0.03,False,1,1
ALTO,2021,-0.001328573397516025,0.0,0.03184639686051797,-0.09090909090909094,324.47773279352225,35048.582995951416,8657000.0,247,Consumer Defensive,Beverages - Non-Alcoholic,39453667328,609944600576.0,0.13290901,-0.13365,-0.02279,191.36,-0.821,,0.03,False,1,1
ALTO,2022,-0.0054876681926763924,-0.005221943981151611,0.03521369637359639,-0.6683060732428538,189.890243902439,699992.6829268293,172198200.0,246,Consumer Defensive,Beverages - Non-Alcoholic,39453667328,609944600576.0,0.13290901,-0.13365,-0.02279,191.36,-0.821,,0.03,False,1,1
ALTO,2023,0.0,0.0,0.0,0.0,50.0,73753.97489539749,17627200.0,239,Consumer Defensive,Beverages - Non-Alcoholic,39453667328,609944600576.0,0.13290901,-0.13365,-0.02279,191.36,-0.821,,0.03,False,1,1
ALTO,2024,-0.0025366030469010947,0.0,0.043190001480994805,-0.6683060732428538,23.088607594936708,337526.1603375527,79993700.0,237,Consumer Defensive,Beverages - Non-Alcoholic,39453667328,609944600576.0,0.13290901,-0.13365,-0.02279,191.36,-0.821,,0.03,False,1,1
ALTO,2025,0.0010886793289230838,0.0,0.03217720804734342,0.19999999999999996,17.33050847457627,164262.71186440677,38766000.0,236,Consumer Defensive,Beverages - Non-Alcoholic,39453667328,609944600576.0,0.13290901,-0.13365,-0.02279,191.36,-0.821,,0.03,False,1,1
ALTO,2026,0.0,0.0,0.0,0.0,18.0,0.0,0.0,119,Consumer Defensive,Beverages - Non-Alcoholic,39453667328,609944600576.0,0.13290901,-0.13365,-0.02279,191.36,-0.821,,0.03,False,1,1
ANTM,2010,0.0009863231499577106,0.0,0.01961772820553187,0.3915527209323666,1640.803918367347,11767814.448979592,2883114540.0,244,Basic Materials,Gold,62720296615936,61323266228224.0,1.6145465,0.24687,0.108459994,21.609,0.121,0.599,0.717,False,1,1
ANTM,2011,9.118840431125545e-05,0.0,0.0014331382679161665,0.022779105872008154,1839.7876518218623,0.0,0.0,247,Basic Materials,Gold,62720296615936,61323266228224.0,1.6145465,0.24687,0.108459994,21.609,0.121,0.599,0.717,False,1,1
ANTM,2012,-0.0003270062528682811,0.0,0.007847545817042556,-0.5849551340605018,1586.4163414634145,2686262.4308943087,660820558.0,246,Basic Materials,Gold,62720296615936,61323266228224.0,1.6145465,0.24687,0.108459994,21.609,0.121,0.599,0.717,False,1,1
ANTM,2013,-0.0005606627289132369,0.0,0.026109467287593367,-0.1498859969349996,812.7059836065574,19511188.06557377,4760729888.0,244,Basic Materials,Gold,62720296615936,61323266228224.0,1.6145465,0.24687,0.108459994,21.609,0.121,0.599,0.717,False,1,1
ANTM,2014,-0.00013770887335472193,0.0,0.019159358489124777,-0.0058871385252569075,686.9283196721312,30262120.102459017,7383957305.0,244,Basic Materials,Gold,62720296615936,61323266228224.0,1.6145465,0.24687,0.108459994,21.609,0.121,0.599,0.717,False,1,1
ANTM,2015,-0.0050667776627356335,-0.005642267584295979,0.025692680077206587,-0.6422776556221094,437.6962857142857,50104779.10204082,12275670880.0,245,Basic Materials,Gold,62720296615936,61323266228224.0,1.6145465,0.24687,0.108459994,21.609,0.121,0.599,0.717,False,1,1
ANTM,2016,0.0035213530588237394,0.0,0.024852219117515277,2.023608238150913,506.2036585365854,115407386.17886178,28390217000.0,246,Basic Materials,Gold,62720296615936,61323266228224.0,1.6145465,0.24687,0.108459994,21.609,0.121,0.599,0.717,False,1,1
ANTM,2017,-0.0016225657116006127,0.0,0.020055059363650474,-0.30167016166213056,534.1596850393701,38106878.34645669,9679147100.0,254,Basic Materials,Gold,62720296615936,61323266228224.0,1.6145465,0.24687,0.108459994,21.609,0.121,0.599,0.717,False,1,1
ANTM,2018,0.0003810497731031239,0.0,0.02525748700831447,0.22659993610904072,612.3444061302682,68973175.47892721,18001998800.0,261,Basic Materials,Gold,62720296615936,61323266228224.0,1.6145465,0.24687,0.108459994,21.609,0.121,0.599,0.717,False,1,1
ANTM,2019,0.00042551034158917186,0.0,0.026193080308792204,0.11603437798419991,685.1711240310077,92328342.63565892,23820712400.0,258,Basic Materials,Gold,62720296615936,61323266228224.0,1.6145465,0.24687,0.108459994,21.609,0.121,0.599,0.717,False,1,1
ANTM,2020,0.0021056784223203685,0.0,0.035242012398461,1.3142754908366783,607.667520661157,186229014.04958677,45067421400.0,242,Basic Materials,Gold,62720296615936,61323266228224.0,1.6145465,0.24687,0.108459994,21.609,0.121,0.599,0.717,False,1,1
ANTM,2021,-0.0006255624756590948,-0.003979435448432156,0.031585242002178195,0.03486555675007863,1882.3821052631579,256670068.82591093,63397507000.0,247,Basic Materials,Gold,62720296615936,61323266228224.0,1.6145465,0.24687,0.108459994,21.609,0.121,0.599,0.717,False,1,1
ANTM,2022,-0.0008457002448769234,-0.0028522196756903817,0.02918282600169556,-0.138355408388521,1641.84743902439,130888651.62601626,32198608300.0,246,Basic Materials,Gold,62720296615936,61323266228224.0,1.6145465,0.24687,0.108459994,21.609,0.121,0.599,0.717,False,1,1
ANTM,2023,-0.00046736438665141575,0.0,0.016519050346639592,-0.10342502696871625,1556.0552301255232,51443516.31799163,12295000400.0,239,Basic Materials,Gold,62720296615936,61323266228224.0,1.6145465,0.24687,0.108459994,21.609,0.121,0.599,0.717,False,1,1
ANTM,2024,-7.968280039739948e-05,0.0,0.0233497829161822,-0.047316414002786855,1280.46776371308,69627137.55274262,16501631600.0,237,Basic Materials,Gold,62720296615936,61323266228224.0,1.6145465,0.24687,0.108459994,21.609,0.121,0.599,0.717,False,1,1
ANTM,2025,0.003766038592460697,0.003431232234969883,0.0316933800266254,1.1403549709052192,2405.6081355932206,150442109.7457627,35504337900.0,236,Basic Materials,Gold,62720296615936,61323266228224.0,1.6145465,0.24687,0.108459994,21.609,0.121,0.599,0.717,False,1,1
ANTM,2026,-0.00023287327011627386,0.0,0.037589384117621756,-0.12742590642395069,3412.4277777777775,177387889.74358973,20754383100.0,117,Basic Materials,Gold,62720296615936,61323266228224.0,1.6145465,0.24687,0.108459994,21.609,0.121,0.599,0.717,False,1,1
ASII,2010,0.0018687107427039391,0.0,0.021844946888889546,0.5865730542785239,2303.8395102040818,37099983.18367347,9089495880.0,244,Industrials,Conglomerates,184293557010432,307585458634752.0,0.791758,0.13245,0.04541,39.859,-0.056,-0.146,-0.021,False,1,1
ASII,2011,0.0015838120628022061,0.0013559896447734587,0.02206670858285603,0.39903757851816457,3130.3343319838054,42108400.8097166,10400775000.0,247,Industrials,Conglomerates,184293557010432,307585458634752.0,0.791758,0.13245,0.04541,39.859,-0.056,-0.146,-0.021,False,1,1
ASII,2012,0.00022411202292330992,0.0,0.017487587562328547,0.060980818104166445,3786.7024390243905,35164276.7601626,8650412083.0,246,Industrials,Conglomerates,184293557010432,307585458634752.0,0.791758,0.13245,0.04541,39.859,-0.056,-0.146,-0.021,False,1,1
ASII,2013,-0.00040055489194517225,0.0,0.02409156877085539,-0.06524454113286593,3740.0063934426225,21985480.463114753,5364457233.0,244,Industrials,Conglomerates,184293557010432,307585458634752.0,0.791758,0.13245,0.04541,39.859,-0.056,-0.146,-0.021,False,1,1
ASII,2014,0.0004843558068004289,0.0,0.017418242794876037,0.10115990079830484,3995.65631147541,33123943.475409836,8082242208.0,244,Industrials,Conglomerates,184293557010432,307585458634752.0,0.791758,0.13245,0.04541,39.859,-0.056,-0.146,-0.021,False,1,1
ASII,2015,-0.0007301743016071311,0.0,0.023436044587489088,-0.16240919297318723,3957.7070204081633,31292920.408163264,7666765500.0,245,Industrials,Conglomerates,184293557010432,307585458634752.0,0.791758,0.13245,0.04541,39.859,-0.056,-0.146,-0.021,False,1,1
ASII,2016,0.0014186859799636233,0.0,0.020703041226097247,0.43616239605323015,4331.934105691057,36070049.18699187,8873232100.0,246,Industrials,Conglomerates,184293557010432,307585458634752.0,0.791758,0.13245,0.04541,39.859,-0.056,-0.146,-0.021,False,1,1
ASII,2017,8.932476169537911e-05,0.0,0.013514261476724226,0.022947830888921272,4987.51909448819,28134627.952755906,7146195500.0,254,Industrials,Conglomerates,184293557010432,307585458634752.0,0.791758,0.13245,0.04541,39.859,-0.056,-0.146,-0.021,False,1,1
ASII,2018,6.693721929736102e-05,0.0,0.018475219784841714,0.01762411804983577,4639.076858237549,27799976.24521073,7255793800.0,261,Industrials,Conglomerates,184293557010432,307585458634752.0,0.791758,0.13245,0.04541,39.859,-0.056,-0.146,-0.021,False,1,1
ASII,2019,-0.0005531221219417763,0.0,0.01618245025948742,-0.13251094620027892,4542.276420233463,29775177.821011674,7652220700.0,257,Industrials,Conglomerates,184293557010432,307585458634752.0,0.791758,0.13245,0.04541,39.859,-0.056,-0.146,-0.021,False,1,1
ASII,2020,-0.00034465474590199827,0.0,0.029418822343049156,-0.0899066986729472,3389.6844214876032,49146361.57024793,11893419500.0,242,Industrials,Conglomerates,184293557010432,307585458634752.0,0.791758,0.13245,0.04541,39.859,-0.056,-0.146,-0.021,False,1,1
ASII,2021,-0.0001278538815469026,0.0,0.019903545228436695,-0.06221536105043346,3748.7667611336033,48661789.87854251,12019462100.0,247,Industrials,Conglomerates,184293557010432,307585458634752.0,0.791758,0.13245,0.04541,39.859,-0.056,-0.146,-0.021,False,1,1
ASII,2022,0.0001606538408016214,0.0,0.017512967880717926,0.03577154282996631,4469.171666666666,49656236.99186992,12215434300.0,246,Industrials,Conglomerates,184293557010432,307585458634752.0,0.791758,0.13245,0.04541,39.859,-0.056,-0.146,-0.021,False,1,1
ASII,2023,0.0003969155184007006,0.0,0.014111163998098149,0.09950800206377464,4651.715188284518,45187897.48953975,10799907500.0,239,Industrials,Conglomerates,184293557010432,307585458634752.0,0.791758,0.13245,0.04541,39.859,-0.056,-0.146,-0.021,False,1,1
ASII,2024,-0.00015325489653520986,0.0,0.016316539568450503,-0.04412975648404083,4183.524936708861,62983113.92405064,14926998000.0,237,Industrials,Conglomerates,184293557010432,307585458634752.0,0.791758,0.13245,0.04541,39.859,-0.056,-0.146,-0.021,False,1,1
ASII,2025,0.0017498262785819857,0.0,0.018265717980878143,0.4699553801902794,4873.87906779661,42108599.152542375,9937629400.0,236,Industrials,Conglomerates,184293557010432,307585458634752.0,0.791758,0.13245,0.04541,39.859,-0.056,-0.146,-0.021,False,1,1
ASII,2026,-0.00261812634326105,-0.004055376111214315,0.029775366382746755,-0.28937225307616843,5810.916837606837,57220660.68376068,6694817300.0,117,Industrials,Conglomerates,184293557010432,307585458634752.0,0.791758,0.13245,0.04541,39.859,-0.056,-0.146,-0.021,False,1,1
BALI,2014,0.0027324233929621627,0.0,0.03210069448593908,2.5584270801662106,346.42688775510203,239456.6326530612,46933500.0,195,Communication Services,Telecom Services,4819876052992,7921626251264.0,1.918457,0.07205,0.05486,133.236,0.005,0.061,-0.283,False,1,1
BALI,2015,0.0028061948533459153,0.0,0.028771405191304136,1.1190225285523052,494.02751020408164,70302.04081632652,17224000.0,245,Communication Services,Telecom Services,4819876052992,7921626251264.0,1.918457,0.07205,0.05486,133.236,0.005,0.061,-0.283,False,1,1
BALI,2016,0.0007248193346669469,0.0,0.021288600047776073,0.22092554212510263,783.1332217573222,41049.37238493724,9810800.0,239,Communication Services,Telecom Services,4819876052992,7921626251264.0,1.918457,0.07205,0.05486,133.236,0.005,0.061,-0.283,False,1,1
BALI,2017,0.0012058554906418794,0.0,0.014157349656834134,0.4571522967553774,1059.5431225296443,323541.8972332016,81856100.0,253,Communication Services,Telecom Services,4819876052992,7921626251264.0,1.918457,0.07205,0.05486,133.236,0.005,0.061,-0.283,False,1,1
BALI,2018,7.440167673733626e-05,0.0,0.010342184380590022,0.019608609649500064,1316.8378927203066,300313.40996168583,78381800.0,261,Communication Services,Telecom Services,4819876052992,7921626251264.0,1.918457,0.07205,0.05486,133.236,0.005,0.061,-0.283,False,1,1
BALI,2019,-0.0004874662231568638,0.0,0.0298333024350455,-0.301285934468718,1225.6154085603112,1059584.046692607,272313100.0,257,Communication Services,Telecom Services,4819876052992,7921626251264.0,1.918457,0.07205,0.05486,133.236,0.005,0.061,-0.283,False,1,1
BALI,2020,0.00040167532675468076,0.0,0.041008193063212725,-0.11111554155535175,721.1764049586777,59550.413223140495,14411200.0,242,Communication Services,Telecom Services,4819876052992,7921626251264.0,1.918457,0.07205,0.05486,133.236,0.005,0.061,-0.283,False,1,1
BALI,2021,3.667507626458665e-05,0.0,0.03095509521281232,0.20468985185772004,618.2977327935223,1818189.4736842106,449092800.0,247,Communication Services,Telecom Services,4819876052992,7921626251264.0,1.918457,0.07205,0.05486,133.236,0.005,0.061,-0.283,False,1,1
BALI,2022,-5.953230278552515e-05,0.0,0.02353355058268163,0.019710695695226876,744.5287804878049,469476.42276422767,115491200.0,246,Communication Services,Telecom Services,4819876052992,7921626251264.0,1.918457,0.07205,0.05486,133.236,0.005,0.061,-0.283,False,1,1
BALI,2023,-8.879619015640051e-05,0.0,0.025450516305402245,0.06888809300787924,734.9201673640168,177170.71129707113,42343800.0,239,Communication Services,Telecom Services,4819876052992,7921626251264.0,1.918457,0.07205,0.05486,133.236,0.005,0.061,-0.283,False,1,1
BALI,2024,0.0015550626789063845,0.0,0.034000937625743355,1.229197953352382,1003.4498312236286,469935.864978903,111374800.0,237,Communication Services,Telecom Services,4819876052992,7921626251264.0,1.918457,0.07205,0.05486,133.236,0.005,0.061,-0.283,False,1,1
BALI,2025,-0.0009439347047192814,0.0,0.0352761919069507,0.061191396003243304,1389.560211864407,97902.1186440678,23104900.0,236,Communication Services,Telecom Services,4819876052992,7921626251264.0,1.918457,0.07205,0.05486,133.236,0.005,0.061,-0.283,False,1,1
BALI,2026,-0.0036976541814189223,-0.008064559836729934,0.03125372419105644,-0.27941176470588236,1335.3418803418804,53364.10256410256,6243600.0,117,Communication Services,Telecom Services,4819876052992,7921626251264.0,1.918457,0.07205,0.05486,133.236,0.005,0.061,-0.283,False,1,1
BKSL,2010,0.0,0.0,0.0,0.0,432.98,0.0,0.0,244,Real Estate,Real Estate - Development,9559407067136,12272557621248.0,0.62589216,0.05546,0.03255,23.388,0.293,40.152,-0.087,False,1,1
BKSL,2011,0.0,0.0,0.0,0.0,432.98,0.0,0.0,247,Real Estate,Real Estate - Development,9559407067136,12272557621248.0,0.62589216,0.05546,0.03255,23.388,0.293,40.152,-0.087,False,1,1
BKSL,2012,0.0,0.0,0.0,0.0,432.98,0.0,0.0,246,Real Estate,Real Estate - Development,9559407067136,12272557621248.0,0.62589216,0.05546,0.03255,23.388,0.293,40.152,-0.087,False,1,1
BKSL,2013,0.0,0.0,0.0,0.0,432.98,0.0,0.0,244,Real Estate,Real Estate - Development,9559407067136,12272557621248.0,0.62589216,0.05546,0.03255,23.388,0.293,40.152,-0.087,False,1,1
BKSL,2014,0.0004829344108543373,0.0,0.014541130311668014,-0.6683060732428538,383.72754098360656,23244253.655737706,5671597892.0,244,Real Estate,Real Estate - Development,9559407067136,12272557621248.0,0.62589216,0.05546,0.03255,23.388,0.293,40.152,-0.087,False,1,1
BKSL,2015,-0.002798066536821568,0.0,0.029288779937550146,-0.47099395313681025,89.85,82299068.24081632,20163271719.0,245,Real Estate,Real Estate - Development,9559407067136,12272557621248.0,0.62589216,0.05546,0.03255,23.388,0.293,40.152,-0.087,False,1,1
BKSL,2016,0.0,0.0,0.0,0.0,55.99,0.0,0.0,246,Real Estate,Real Estate - Development,9559407067136,12272557621248.0,0.62589216,0.05546,0.03255,23.388,0.293,40.152,-0.087,False,1,1
BKSL,2017,0.0,0.0,0.0,0.0,55.99,0.0,0.0,254,Real Estate,Real Estate - Development,9559407067136,12272557621248.0,0.62589216,0.05546,0.03255,23.388,0.293,40.152,-0.087,False,1,1
BKSL,2018,0.0,0.0,0.0,0.0,55.99,0.0,0.0,261,Real Estate,Real Estate - Development,9559407067136,12272557621248.0,0.62589216,0.05546,0.03255,23.388,0.293,40.152,-0.087,False,1,1
BKSL,2019,0.0,0.0,0.0,0.0,55.99,0.0,0.0,258,Real Estate,Real Estate - Development,9559407067136,12272557621248.0,0.62589216,0.05546,0.03255,23.388,0.293,40.152,-0.087,False,1,1
BKSL,2020,0.0,0.0,0.0,0.0,55.99,0.0,0.0,242,Real Estate,Real Estate - Development,9559407067136,12272557621248.0,0.62589216,0.05546,0.03255,23.388,0.293,40.152,-0.087,False,1,1
BKSL,2021,0.0,0.0,0.0,0.0,55.99,0.0,0.0,247,Real Estate,Real Estate - Development,9559407067136,12272557621248.0,0.62589216,0.05546,0.03255,23.388,0.293,40.152,-0.087,False,1,1
BKSL,2022,-0.0012922764364343765,0.0,0.017416940860760167,-0.12752277192355777,52.6579674796748,94032185.91869919,23131917736.0,246,Real Estate,Real Estate - Development,9559407067136,12272557621248.0,0.62589216,0.05546,0.03255,23.388,0.293,40.152,-0.087,False,1,1
BKSL,2023,7.49339973472057e-05,0.0,0.008595891685532786,0.023541453428863823,50.15510460251046,30701299.589958157,7337610602.0,239,Real Estate,Real Estate - Development,9559407067136,12272557621248.0,0.62589216,0.05546,0.03255,23.388,0.293,40.152,-0.087,False,1,1
BKSL,2024,0.002348485719745284,0.0,0.03658639532322247,0.41999999999999993,44.30379746835443,30886562.447257385,7320115300.0,237,Real Estate,Real Estate - Development,9559407067136,12272557621248.0,0.62589216,0.05546,0.03255,23.388,0.293,40.152,-0.087,False,1,1
BKSL,2025,0.0023944883132269515,-0.007020684383187259,0.04269976833474456,1.106060606060606,112.39406779661017,554939672.4576272,130965762700.0,236,Real Estate,Real Estate - Development,9559407067136,12272557621248.0,0.62589216,0.05546,0.03255,23.388,0.293,40.152,-0.087,False,1,1
BKSL,2026,-0.005029215075734267,-0.00938974034983886,0.042175463573674764,-0.6174496644295302,111.12820512820512,701605936.7521367,82087894600.0,117,Real Estate,Real Estate - Development,9559407067136,12272557621248.0,0.62589216,0.05546,0.03255,23.388,0.293,40.152,-0.087,False,1,1
BOLT,2015,0.0020908549647240576,0.0,0.026799777957624137,0.4484767095051454,762.1814406779662,10379940.677966101,1224833000.0,117,Industrials,Tools & Accessories,1769531113472,2144664289280.0,1.9069847,0.14893,0.08609,30.959,0.146,0.318,0.02,False,1,1
BOLT,2016,-0.0022646355105897915,0.0,0.017682704513930763,-0.290523056507796,696.7691213389122,6391972.384937239,1527681400.0,239,Industrials,Tools & Accessories,1769531113472,2144664289280.0,1.9069847,0.14893,0.08609,30.959,0.146,0.318,0.02,False,1,1
BOLT,2017,0.0007848619851572397,0.0,0.019195471953678277,0.2558839115932541,838.2614229249012,3127382.6086956523,791227800.0,253,Industrials,Tools & Accessories,1769531113472,2144664289280.0,1.9069847,0.14893,0.08609,30.959,0.146,0.318,0.02,False,1,1
BOLT,2018,7.99490907803079e-05,0.0,0.0105453367255823,0.02108594477195158,775.1084674329502,313102.68199233717,81719800.0,261,Industrials,Tools & Accessories,1769531113472,2144664289280.0,1.9069847,0.14893,0.08609,30.959,0.146,0.318,0.02,False,1,1
BOLT,2019,-0.0004999930859031729,0.0,0.008318825642333577,-0.12058487493011161,745.7614785992218,106496.10894941635,27369500.0,257,Industrials,Tools & Accessories,1769531113472,2144664289280.0,1.9069847,0.14893,0.08609,30.959,0.146,0.318,0.02,False,1,1
BOLT,2020,-0.0036082387507419735,0.0,0.02898105826137412,-0.05952759388000484,650.4952479338843,30144.214876033056,7294900.0,242,Industrials,Tools & Accessories,1769531113472,2144664289280.0,1.9069847,0.14893,0.08609,30.959,0.146,0.318,0.02,False,1,1
BOLT,2021,-0.0028834129353165895,0.0,0.04018188988269939,0.04430826205801952,625.9415384615385,23656.275303643724,5843100.0,247,Industrials,Tools & Accessories,1769531113472,2144664289280.0,1.9069847,0.14893,0.08609,30.959,0.146,0.318,0.02,False,1,1
BOLT,2022,-0.0031114237500864885,0.0,0.038046229996798235,-0.0772649572649573,803.804512195122,65969.51219512195,16228500.0,246,Industrials,Tools & Accessories,1769531113472,2144664289280.0,1.9069847,0.14893,0.08609,30.959,0.146,0.318,0.02,False,1,1
BOLT,2023,-0.00010601201332400362,0.0,0.020764136595195864,0.01946708657527485,706.7320083682009,21136.401673640168,5051600.0,239,Industrials,Tools & Accessories,1769531113472,2144664289280.0,1.9069847,0.14893,0.08609,30.959,0.146,0.318,0.02,False,1,1
BOLT,2024,0.0025773689108594348,0.0,0.015883428291719494,0.8398473582991353,875.1575949367088,391138.81856540084,92699900.0,237,Industrials,Tools & Accessories,1769531113472,2144664289280.0,1.9069847,0.14893,0.08609,30.959,0.146,0.318,0.02,False,1,1
BOLT,2025,-0.0009608265364001704,0.0,0.013656548845536654,-0.20593612921739846,1098.2577118644067,426092.7966101695,100557900.0,236,Industrials,Tools & Accessories,1769531113472,2144664289280.0,1.9069847,0.14893,0.08609,30.959,0.146,0.318,0.02,False,1,1
BOLT,2026,-0.0017303589744898766,0.0,0.018596877360521912,-0.22042788699818272,885.3676923076923,35668.37606837607,4173200.0,117,Industrials,Tools & Accessories,1769531113472,2144664289280.0,1.9069847,0.14893,0.08609,30.959,0.146,0.318,0.02,False,1,1
BRMS,2010,-0.003128025379560917,0.0,0.01962123543278214,-0.04284731549120446,582.0526666666666,86301747.73333333,1294526216.0,14,Basic Materials,Other Industrial Metals & Mining,67489203486720,67205584650240.0,52888.89,0.05144,0.04602,24.526,0.097,0.176,0.708,False,1,1
BRMS,2011,-0.0011753534199110687,0.0,0.02573732371135533,-0.2318799641088699,574.8792307692308,18096293.53036437,4469784502.0,247,Basic Materials,Other Industrial Metals & Mining,67489203486720,67205584650240.0,52888.89,0.05144,0.04602,24.526,0.097,0.176,0.708,False,1,1
BRMS,2012,-0.0036461323928982194,0.0,0.037110205505485785,-0.5283059683734613,429.98739837398375,28428497.609756097,6993410412.0,246,Basic Materials,Other Industrial Metals & Mining,67489203486720,67205584650240.0,52888.89,0.05144,0.04602,24.526,0.097,0.176,0.708,False,1,1
BRMS,2013,-0.0004801277202096952,0.0,0.043190001480994805,-0.1877486077963405,234.08036885245903,103574688.71721311,25272224047.0,244,Basic Materials,Other Industrial Metals & Mining,67489203486720,67205584650240.0,52888.89,0.05144,0.04602,24.526,0.097,0.176,0.708,False,1,1
BRMS,2014,0.0013841011961859837,0.0,0.026402256099808143,0.6071950862825388,239.16676229508198,20334701.659836065,4961667205.0,244,Basic Materials,Other Industrial Metals & Mining,67489203486720,67205584650240.0,52888.89,0.05144,0.04602,24.526,0.097,0.176,0.708,False,1,1
BRMS,2015,-0.0054876681926763924,0.0,0.029853476053794202,-0.6683060732428538,103.67493877551021,23780287.097959183,5826170339.0,245,Basic Materials,Other Industrial Metals & Mining,67489203486720,67205584650240.0,52888.89,0.05144,0.04602,24.526,0.097,0.176,0.708,False,1,1
BRMS,2016,-0.0009036407906276806,0.0,0.028899058221503942,0.3400596193533594,47.885609756097566,256449673.91869918,63086619784.0,246,Basic Materials,Other Industrial Metals & Mining,67489203486720,67205584650240.0,52888.89,0.05144,0.04602,24.526,0.097,0.176,0.708,False,1,1
BRMS,2017,-0.0014336486291036646,0.0,0.0372093691832331,-0.014887063655030786,65.03811023622048,296592990.2362205,75334619520.0,254,Basic Materials,Other Industrial Metals & Mining,67489203486720,67205584650240.0,52888.89,0.05144,0.04602,24.526,0.097,0.176,0.708,False,1,1
BRMS,2018,-0.0014368475698205258,0.0,0.026272433037664373,-0.24248740663540036,58.35383141762452,118628655.32950191,30962079041.0,261,Basic Materials,Other Industrial Metals & Mining,67489203486720,67205584650240.0,52888.89,0.05144,0.04602,24.526,0.097,0.176,0.708,False,1,1
BRMS,2019,-4.283438967446743e-05,0.0,0.01717462317845494,0.03989910570969957,44.25186046511628,57286708.197674416,14779970715.0,258,Basic Materials,Other Industrial Metals & Mining,67489203486720,67205584650240.0,52888.89,0.05144,0.04602,24.526,0.097,0.176,0.708,False,1,1
BRMS,2020,0.00015461015419333113,0.0,0.024241492027197657,0.627473021582734,46.76677685950413,125152178.32644628,30286827155.0,242,Basic Materials,Other Industrial Metals & Mining,67489203486720,67205584650240.0,52888.89,0.05144,0.04602,24.526,0.097,0.176,0.708,False,1,1
BRMS,2021,0.00027534139704737964,0.0,0.03443973433780717,0.5287295730100159,87.49222672064776,629506326.6234818,155488062676.0,247,Basic Materials,Other Industrial Metals & Mining,67489203486720,67205584650240.0,52888.89,0.05144,0.04602,24.526,0.097,0.176,0.708,False,1,1
BRMS,2022,0.000201592441066042,-0.005405458052107903,0.03651061934075959,0.4196428571428572,193.95528455284554,614839697.1544715,151250565500.0,246,Basic Materials,Other Industrial Metals & Mining,67489203486720,67205584650240.0,52888.89,0.05144,0.04602,24.526,0.097,0.176,0.708,False,1,1
BRMS,2023,-0.0003433182459723978,-0.005063301956546695,0.031235048903853757,0.0625,172.8786610878661,314739613.38912135,75222767600.0,239,Basic Materials,Other Industrial Metals & Mining,67489203486720,67205584650240.0,52888.89,0.05144,0.04602,24.526,0.097,0.176,0.708,False,1,1
BRMS,2024,0.0023030714485689735,0.0,0.03206726191329882,0.9771428571428571,212.9282700421941,417824160.3375527,99024326000.0,237,Basic Materials,Other Industrial Metals & Mining,67489203486720,67205584650240.0,52888.89,0.05144,0.04602,24.526,0.097,0.176,0.708,False,1,1
BRMS,2025,0.0031015931953978703,0.0,0.040127375680657794,1.7363184079601992,578.0805084745763,736759611.440678,173875268300.0,236,Basic Materials,Other Industrial Metals & Mining,67489203486720,67205584650240.0,52888.89,0.05144,0.04602,24.526,0.097,0.176,0.708,False,1,1
BRMS,2026,-0.004318035833711564,0.0,0.042959101310142946,-0.5966101694915253,849.9145299145299,423501124.7863248,49549631600.0,117,Basic Materials,Other Industrial Metals & Mining,67489203486720,67205584650240.0,52888.89,0.05144,0.04602,24.526,0.097,0.176,0.708,False,1,1
BUDI,2010,0.00012931446277574126,0.0,0.029555617146605633,0.07276522776410932,141.61636734693877,638838.7836734694,156515502.0,244,Consumer Defensive,Packaged Foods,916220477440,2897944510464.0,0.5805086,0.07752,0.03712,111.951,0.294,1.414,0.017,False,1,1
BUDI,2011,0.0009101198900688178,0.0,0.03191381598466522,0.127063939661616,160.12085020242915,2716655.870445344,671014000.0,247,Consumer Defensive,Packaged Foods,916220477440,2897944510464.0,0.5805086,0.07752,0.03712,111.951,0.294,1.414,0.017,False,1,1
BUDI,2012,-0.0029115106066170703,0.0,0.021784421945300975,-0.5148996429011206,129.71020325203253,1252932.975609756,308221512.0,246,Consumer Defensive,Packaged Foods,916220477440,2897944510464.0,0.5805086,0.07752,0.03712,111.951,0.294,1.414,0.017,False,1,1
BUDI,2013,0.00022582521195323318,0.0,0.02045941186542061,-0.06838980954736584,75.02508196721311,890528.7008196721,217289003.0,244,Consumer Defensive,Packaged Foods,916220477440,2897944510464.0,0.5805086,0.07752,0.03712,111.951,0.294,1.414,0.017,False,1,1
BUDI,2014,-0.0006194626422056872,0.0,0.01942286611727061,-0.009244372990353633,75.42536885245902,337747.131147541,82410300.0,244,Consumer Defensive,Packaged Foods,916220477440,2897944510464.0,0.5805086,0.07752,0.03712,111.951,0.294,1.414,0.017,False,1,1
BUDI,2015,-0.0021620780953077842,0.0,0.021300344399499745,-0.41122379986477353,58.93093877551021,199409.79591836734,48855400.0,245,Consumer Defensive,Packaged Foods,916220477440,2897944510464.0,0.5805086,0.07752,0.03712,111.951,0.294,1.414,0.017,False,1,1
BUDI,2016,0.0007079752806599976,0.0,0.025906730845087322,0.3810289389067525,54.979390243902444,3198600.81300813,786855800.0,246,Consumer Defensive,Packaged Foods,916220477440,2897944510464.0,0.5805086,0.07752,0.03712,111.951,0.294,1.414,0.017,False,1,1
BUDI,2017,0.00040529984871354456,0.0,0.016688200187461737,0.10843173124896066,67.90622047244095,3916616.929133858,994820700.0,254,Consumer Defensive,Packaged Foods,916220477440,2897944510464.0,0.5805086,0.07752,0.03712,111.951,0.294,1.414,0.017,False,1,1
BUDI,2018,-0.0005770589774067686,0.0,0.022687872209836778,0.05656414103525864,78.9976245210728,6244345.210727969,1629774100.0,261,Consumer Defensive,Packaged Foods,916220477440,2897944510464.0,0.5805086,0.07752,0.03712,111.951,0.294,1.414,0.017,False,1,1
BUDI,2019,0.0004616136325190697,0.0,0.012874120633571224,0.12595853450724226,76.28805447470816,1387277.8210116732,356530400.0,257,Consumer Defensive,Packaged Foods,916220477440,2897944510464.0,0.5805086,0.07752,0.03712,111.951,0.294,1.414,0.017,False,1,1
BUDI,2020,7.082862199849064e-05,0.0,0.017458584761469536,0.029419256240448277,73.16363636363636,1116407.438016529,270170600.0,242,Consumer Defensive,Packaged Foods,916220477440,2897944510464.0,0.5805086,0.07752,0.03712,111.951,0.294,1.414,0.017,False,1,1
BUDI,2021,0.0003133069486648809,0.0,0.03252533446350201,0.8245209798690274,130.52165991902834,20079988.25910931,4959757100.0,247,Consumer Defensive,Packaged Foods,916220477440,2897944510464.0,0.5805086,0.07752,0.03712,111.951,0.294,1.414,0.017,False,1,1
BUDI,2022,0.0010736626403522569,0.0,0.02586774905308362,0.3240572696108084,179.8540243902439,8784391.056910569,2160960200.0,246,Consumer Defensive,Packaged Foods,916220477440,2897944510464.0,0.5805086,0.07752,0.03712,111.951,0.294,1.414,0.017,False,1,1
BUDI,2023,0.0011258269370687775,0.0,0.0182098481626979,0.26367915277505394,208.20355648535565,1071947.280334728,256195400.0,239,Consumer Defensive,Packaged Foods,916220477440,2897944510464.0,0.5805086,0.07752,0.03712,111.951,0.294,1.414,0.017,False,1,1
BUDI,2024,-0.0007211078511170627,0.0,0.01698975533166829,-0.15096920431452243,236.01586497890295,334525.73839662445,79282600.0,237,Consumer Defensive,Packaged Foods,916220477440,2897944510464.0,0.5805086,0.07752,0.03712,111.951,0.294,1.414,0.017,False,1,1
BUDI,2025,-3.24088227272962e-05,0.0,0.016978398635651114,0.00281162136832247,210.05283898305086,297504.66101694916,70211100.0,236,Consumer Defensive,Packaged Foods,916220477440,2897944510464.0,0.5805086,0.07752,0.03712,111.951,0.294,1.414,0.017,False,1,1
BUDI,2026,-0.00036610940649590496,0.0,0.013618555044135965,-0.05555555555555558,212.27350427350427,224965.81196581197,26321000.0,117,Consumer Defensive,Packaged Foods,916220477440,2897944510464.0,0.5805086,0.07752,0.03712,111.951,0.294,1.414,0.017,False,1,1
BUKA,2021,-0.0054876681926763924,-0.011696039763190669,0.037165111724790346,-0.5943396226415094,725.7352941176471,437780193.1372549,44653579700.0,101,Consumer Cyclical,Internet Retail,9216030932992,-10233510363136.0,0.37227586,0.10815,-0.065630004,0.456,0.627,,0.259,False,1,1
BUKA,2022,-0.0024019860125268195,-0.002583985079221307,0.03699919350424746,-0.3820754716981132,308.3333333333333,373874190.6504065,91973050900.0,246,Consumer Cyclical,Internet Retail,9216030932992,-10233510363136.0,0.37227586,0.10815,-0.065630004,0.456,0.627,,0.259,False,1,1
BUKA,2023,-0.0009990844476951161,0.0,0.025308534350755165,-0.18181818181818177,231.02510460251045,162624021.75732216,38867141200.0,239,Consumer Cyclical,Internet Retail,9216030932992,-10233510363136.0,0.37227586,0.10815,-0.065630004,0.456,0.627,,0.259,False,1,1
BUKA,2024,-0.0027668709067995914,-0.005037794029957077,0.027308462827615503,-0.39903846153846156,137.10970464135022,271057049.78902954,64240520800.0,237,Consumer Cyclical,Internet Retail,9216030932992,-10233510363136.0,0.37227586,0.10815,-0.065630004,0.456,0.627,,0.259,False,1,1
BUKA,2025,0.0012409523164195366,0.0,0.026324596024579403,0.264,149.42796610169492,284555591.9491525,67155119700.0,236,Consumer Cyclical,Internet Retail,9216030932992,-10233510363136.0,0.37227586,0.10815,-0.065630004,0.456,0.627,,0.259,False,1,1
BUKA,2026,-0.0037844902493345337,0.0,0.029595885376096778,-0.3589743589743589,139.5897435897436,168213102.56410256,19680933000.0,117,Consumer Cyclical,Internet Retail,9216030932992,-10233510363136.0,0.37227586,0.10815,-0.065630004,0.456,0.627,,0.259,False,1,1
CLEO,2017,0.005003770676195123,0.0,0.02787230727948923,2.871035940803382,54.028461538461535,37644621.30177515,6361941000.0,168,Consumer Defensive,Beverages - Non-Alcoholic,8976000352256,9263612166144.0,3.7892604,0.17608999,0.11432999,17.606,0.158,0.028,-0.348,False,1,1
CLEO,2018,0.0025725627423305994,0.0,0.024570240814287582,0.8808028399781542,119.80969348659005,32309291.95402299,8432725200.0,261,Consumer Defensive,Beverages - Non-Alcoholic,8976000352256,9263612166144.0,3.7892604,0.17608999,0.11432999,17.606,0.158,0.028,-0.348,False,1,1
CLEO,2019,0.0022307442147359927,0.0,0.02079723802931633,0.7780762250453721,202.90953488372094,27387428.682170544,7065956600.0,258,Consumer Defensive,Beverages - Non-Alcoholic,8976000352256,9263612166144.0,3.7892604,0.17608999,0.11432999,17.606,0.158,0.028,-0.348,False,1,1
CLEO,2020,-0.0006678691158681407,0.0,0.025270197100841843,-0.009880373984403779,227.5226859504132,19358301.652892563,4684709000.0,242,Consumer Defensive,Beverages - Non-Alcoholic,8976000352256,9263612166144.0,3.7892604,0.17608999,0.11432999,17.606,0.158,0.028,-0.348,False,1,1
CLEO,2021,-0.0003548672467243371,0.0,0.01585643796712409,-0.08603941160144335,226.04587044534415,14005659.10931174,3459397800.0,247,Consumer Defensive,Beverages - Non-Alcoholic,8976000352256,9263612166144.0,3.7892604,0.17608999,0.11432999,17.606,0.158,0.028,-0.348,False,1,1
CLEO,2022,0.0006032806682521217,0.0,0.022094865275444023,0.20907761180798712,243.21544715447155,23652846.341463413,5818600200.0,246,Consumer Defensive,Beverages - Non-Alcoholic,8976000352256,9263612166144.0,3.7892604,0.17608999,0.11432999,17.606,0.158,0.028,-0.348,False,1,1
CLEO,2023,0.001046836512669737,0.0,0.023009297792105445,0.3436600253368651,286.0774058577406,10074325.523012552,2407763800.0,239,Consumer Defensive,Beverages - Non-Alcoholic,8976000352256,9263612166144.0,3.7892604,0.17608999,0.11432999,17.606,0.158,0.028,-0.348,False,1,1
CLEO,2024,0.0033555320397068364,0.0,0.024763477189676145,1.2588675089834243,537.3225738396625,9346065.82278481,2215017600.0,237,Consumer Defensive,Beverages - Non-Alcoholic,8976000352256,9263612166144.0,3.7892604,0.17608999,0.11432999,17.606,0.158,0.028,-0.348,False,1,1
CLEO,2025,-0.002550057895312633,0.0,0.02858255149185361,-0.36812429177986816,603.3587711864408,14141795.338983051,3337463700.0,236,Consumer Defensive,Beverages - Non-Alcoholic,8976000352256,9263612166144.0,3.7892604,0.17608999,0.11432999,17.606,0.158,0.028,-0.348,False,1,1
CLEO,2026,-0.0015240606599999425,0.0,0.021449786731704733,-0.191927921699112,400.0211111111111,7562433.333333333,884804700.0,117,Consumer Defensive,Beverages - Non-Alcoholic,8976000352256,9263612166144.0,3.7892604,0.17608999,0.11432999,17.606,0.158,0.028,-0.348,False,1,1
CTRA,2010,0.00041863038565543155,0.0,0.021562566614350916,0.4285213910432826,304.9382857142857,18511080.077551022,9070429238.0,489,Real Estate,Real Estate - Development,10287310700544,12783855861760.0,0.41840217,0.102290004,0.049000002,28.661,-0.064,-0.215,0.143,False,1,1
CTRA,2010,0.00041863038565543155,0.0,0.021562566614350916,0.4285213910432826,304.9382857142857,18511080.077551022,9070429238.0,489,Real Estate,Real Estate - Development,10287310700544,12783855861760.0,0.41840217,0.102290004,0.049000002,28.661,-0.064,-0.215,0.143,False,1,1
CTRA,2011,0.0009924618807751558,0.0,0.02115523487163505,0.5608953028127079,362.3761943319838,10083322.275303643,4981161204.0,494,Real Estate,Real Estate - Development,10287310700544,12783855861760.0,0.41840217,0.102290004,0.049000002,28.661,-0.064,-0.215,0.143,False,1,1
CTRA,2011,0.0009924618807751558,0.0,0.02115523487163505,0.5608953028127079,362.3761943319838,10083322.275303643,4981161204.0,494,Real Estate,Real Estate - Development,10287310700544,12783855861760.0,0.41840217,0.102290004,0.049000002,28.661,-0.064,-0.215,0.143,False,1,1
CTRA,2012,0.0008349373367933031,0.0,0.018353768213691134,0.49735200394955337,568.4825609756098,14447792.158536585,7108313742.0,492,Real Estate,Real Estate - Development,10287310700544,12783855861760.0,0.41840217,0.102290004,0.049000002,28.661,-0.064,-0.215,0.143,False,1,1
CTRA,2012,0.0008349373367933031,0.0,0.018353768213691134,0.49735200394955337,568.4825609756098,14447792.158536585,7108313742.0,492,Real Estate,Real Estate - Development,10287310700544,12783855861760.0,0.41840217,0.102290004,0.049000002,28.661,-0.064,-0.215,0.143,False,1,1
CTRA,2013,0.00011110035089659427,0.0,0.024883466645355335,-0.05215436493068559,870.5231147540984,22932202.274590164,11190914710.0,488,Real Estate,Real Estate - Development,10287310700544,12783855861760.0,0.41840217,0.102290004,0.049000002,28.661,-0.064,-0.215,0.143,False,1,1
CTRA,2013,0.00011110035089659427,0.0,0.024883466645355335,-0.05215436493068559,870.5231147540984,22932202.274590164,11190914710.0,488,Real Estate,Real Estate - Development,10287310700544,12783855861760.0,0.41840217,0.102290004,0.049000002,28.661,-0.064,-0.215,0.143,False,1,1
CTRA,2014,0.001194299212534217,0.0,0.018040625119791657,0.6340706955530215,922.9963934426229,23923617.532786883,11674725356.0,488,Real Estate,Real Estate - Development,10287310700544,12783855861760.0,0.41840217,0.102290004,0.049000002,28.661,-0.064,-0.215,0.143,False,1,1
CTRA,2014,0.001194299212534217,0.0,0.018040625119791657,0.6340706955530215,922.9963934426229,23923617.532786883,11674725356.0,488,Real Estate,Real Estate - Development,10287310700544,12783855861760.0,0.41840217,0.102290004,0.049000002,28.661,-0.064,-0.215,0.143,False,1,1
CTRA,2015,0.0002269408453999712,0.0,0.02160157316454286,0.12833480176211465,1088.669918367347,13641895.13877551,6684528618.0,490,Real Estate,Real Estate - Development,10287310700544,12783855861760.0,0.41840217,0.102290004,0.049000002,28.661,-0.064,-0.215,0.143,False,1,1
CTRA,2015,0.0002269408453999712,0.0,0.02160157316454286,0.12833480176211465,1088.669918367347,13641895.13877551,6684528618.0,490,Real Estate,Real Estate - Development,10287310700544,12783855861760.0,0.41840217,0.102290004,0.049000002,28.661,-0.064,-0.215,0.143,False,1,1
CTRA,2016,-0.0001339675326920095,0.0,0.0181689807785229,-0.052033665077282465,1251.8619105691057,17767575.87398374,8741647330.0,492,Real Estate,Real Estate - Development,10287310700544,12783855861760.0,0.41840217,0.102290004,0.049000002,28.661,-0.064,-0.215,0.143,False,1,1
CTRA,2016,-0.0001339675326920095,0.0,0.0181689807785229,-0.052033665077282465,1251.8619105691057,17767575.87398374,8741647330.0,492,Real Estate,Real Estate - Development,10287310700544,12783855861760.0,0.41840217,0.102290004,0.049000002,28.661,-0.064,-0.215,0.143,False,1,1
CTRA,2017,-0.0002240251962545841,0.0,0.013563449236424285,-0.10874151841474544,1075.6586811023622,19221284.251968503,9764412400.0,508,Real Estate,Real Estate - Development,10287310700544,12783855861760.0,0.41840217,0.102290004,0.049000002,28.661,-0.064,-0.215,0.143,False,1,1
CTRA,2017,-0.0002240251962545841,0.0,0.013563449236424285,-0.10874151841474544,1075.6586811023622,19221284.251968503,9764412400.0,508,Real Estate,Real Estate - Development,10287310700544,12783855861760.0,0.41840217,0.102290004,0.049000002,28.661,-0.064,-0.215,0.143,False,1,1
CTRA,2018,-0.0002631969496162808,0.0,0.01987539524883572,-0.13974452451068575,925.8142720306513,14334307.66283525,7482508600.0,522,Real Estate,Real Estate - Development,10287310700544,12783855861760.0,0.41840217,0.102290004,0.049000002,28.661,-0.064,-0.215,0.143,False,1,1
CTRA,2018,-0.0002631969496162808,0.0,0.01987539524883572,-0.13974452451068575,925.8142720306513,14334307.66283525,7482508600.0,522,Real Estate,Real Estate - Development,10287310700544,12783855861760.0,0.41840217,0.102290004,0.049000002,28.661,-0.064,-0.215,0.143,False,1,1
CTRA,2019,7.152346255845695e-05,0.0,0.01913389314980554,0.03865755264229653,961.5040466926071,29483421.011673152,15154478400.0,514,Real Estate,Real Estate - Development,10287310700544,12783855861760.0,0.41840217,0.102290004,0.049000002,28.661,-0.064,-0.215,0.143,False,1,1
CTRA,2019,7.152346255845695e-05,0.0,0.01913389314980554,0.03865755264229653,961.5040466926071,29483421.011673152,15154478400.0,514,Real Estate,Real Estate - Development,10287310700544,12783855861760.0,0.41840217,0.102290004,0.049000002,28.661,-0.064,-0.215,0.143,False,1,1
CTRA,2020,-0.000281652588981617,0.0,0.025341231132978568,-0.026763440860215093,683.9123553719008,40353483.47107438,19531086000.0,484,Real Estate,Real Estate - Development,10287310700544,12783855861760.0,0.41840217,0.102290004,0.049000002,28.661,-0.064,-0.215,0.143,False,1,1
CTRA,2020,-0.000281652588981617,0.0,0.025341231132978568,-0.026763440860215093,683.9123553719008,40353483.47107438,19531086000.0,484,Real Estate,Real Estate - Development,10287310700544,12783855861760.0,0.41840217,0.102290004,0.049000002,28.661,-0.064,-0.215,0.143,False,1,1
CTRA,2021,-4.034976363318126e-05,0.0,0.019515150335933127,-0.05344619105199511,950.8154048582996,31085776.518218625,15356373600.0,494,Real Estate,Real Estate - Development,10287310700544,12783855861760.0,0.41840217,0.102290004,0.049000002,28.661,-0.064,-0.215,0.143,False,1,1
CTRA,2021,-4.034976363318126e-05,0.0,0.019515150335933127,-0.05344619105199511,950.8154048582996,31085776.518218625,15356373600.0,494,Real Estate,Real Estate - Development,10287310700544,12783855861760.0,0.41840217,0.102290004,0.049000002,28.661,-0.064,-0.215,0.143,False,1,1
CTRA,2022,-5.506844426687693e-05,0.0,0.015690849735660078,-0.04076107555526676,896.5376829268292,24909243.49593496,12255347800.0,492,Real Estate,Real Estate - Development,10287310700544,12783855861760.0,0.41840217,0.102290004,0.049000002,28.661,-0.064,-0.215,0.143,False,1,1
CTRA,2022,-5.506844426687693e-05,0.0,0.015690849735660078,-0.04076107555526676,896.5376829268292,24909243.49593496,12255347800.0,492,Real Estate,Real Estate - Development,10287310700544,12783855861760.0,0.41840217,0.102290004,0.049000002,28.661,-0.064,-0.215,0.143,False,1,1
CTRA,2023,0.00048756950846449515,0.0,0.013545215310988174,0.289904722356795,998.4572384937238,23725658.9958159,11340865000.0,478,Real Estate,Real Estate - Development,10287310700544,12783855861760.0,0.41840217,0.102290004,0.049000002,28.661,-0.064,-0.215,0.143,False,1,1
CTRA,2023,0.00048756950846449515,0.0,0.013545215310988174,0.289904722356795,998.4572384937238,23725658.9958159,11340865000.0,478,Real Estate,Real Estate - Development,10287310700544,12783855861760.0,0.41840217,0.102290004,0.049000002,28.661,-0.064,-0.215,0.143,False,1,1
CTRA,2024,-0.0003131123268567321,0.0,0.015451185548185142,-0.1427301302200269,1175.5963924050632,22721728.270042196,10770099200.0,474,Real Estate,Real Estate - Development,10287310700544,12783855861760.0,0.41840217,0.102290004,0.049000002,28.661,-0.064,-0.215,0.143,False,1,1
CTRA,2024,-0.0003131123268567321,0.0,0.015451185548185142,-0.1427301302200269,1175.5963924050632,22721728.270042196,10770099200.0,474,Real Estate,Real Estate - Development,10287310700544,12783855861760.0,0.41840217,0.102290004,0.049000002,28.661,-0.064,-0.215,0.143,False,1,1
CTRA,2025,-0.00026076799485349745,0.0,0.017195095188612054,-0.14360593491405105,906.8649152542373,26085911.440677967,12312550200.0,472,Real Estate,Real Estate - Development,10287310700544,12783855861760.0,0.41840217,0.102290004,0.049000002,28.661,-0.064,-0.215,0.143,False,1,1
CTRA,2025,-0.00026076799485349745,0.0,0.017195095188612054,-0.14360593491405105,906.8649152542373,26085911.440677967,12312550200.0,472,Real Estate,Real Estate - Development,10287310700544,12783855861760.0,0.41840217,0.102290004,0.049000002,28.661,-0.064,-0.215,0.143,False,1,1
CTRA,2026,-0.0017199042181376446,0.0,0.017398125651971387,-0.32727272727272727,722.8205128205128,21915576.923076924,5128245000.0,234,Real Estate,Real Estate - Development,10287310700544,12783855861760.0,0.41840217,0.102290004,0.049000002,28.661,-0.064,-0.215,0.143,False,1,1
CTRA,2026,-0.0017199042181376446,0.0,0.017398125651971387,-0.32727272727272727,722.8205128205128,21915576.923076924,5128245000.0,234,Real Estate,Real Estate - Development,10287310700544,12783855861760.0,0.41840217,0.102290004,0.049000002,28.661,-0.064,-0.215,0.143,False,1,1
DLTA,2010,0.0032996025615092115,0.0,0.018822759545687653,1.151804971569247,685.124693877551,93167.3469387755,22826000.0,244,Consumer Defensive,Beverages - Brewers,1525255503872,873686827008.0,1.9293737,0.18124,0.088549994,0.716,0.082,0.054,0.147,False,1,1
DLTA,2011,8.498067562697864e-05,0.0,0.009472005139574372,0.013637744254328066,1037.525951417004,91902.83400809717,22700000.0,247,Consumer Defensive,Beverages - Brewers,1525255503872,873686827008.0,1.9293737,0.18124,0.088549994,0.716,0.082,0.054,0.147,False,1,1
DLTA,2012,0.00365069413874715,0.0,0.013803783809352831,1.4332630821938332,1779.7724796747966,69412.39837398374,17075450.0,246,Consumer Defensive,Beverages - Brewers,1525255503872,873686827008.0,1.9293737,0.18124,0.088549994,0.716,0.082,0.054,0.147,False,1,1
DLTA,2013,0.001773804410739719,0.0,0.012586096675894992,0.5755676383225092,3200.0645081967214,104925.40983606558,25601800.0,244,Consumer Defensive,Beverages - Brewers,1525255503872,873686827008.0,1.9293737,0.18124,0.088549994,0.716,0.082,0.054,0.147,False,1,1
DLTA,2014,0.00015881154693772059,0.0,0.011392192596203686,0.06024295292720461,3720.67868852459,20368.852459016394,4970000.0,244,Consumer Defensive,Beverages - Brewers,1525255503872,873686827008.0,1.9293737,0.18124,0.088549994,0.716,0.082,0.054,0.147,False,1,1
DLTA,2015,-0.0016070697110286785,0.0,0.018381339605360814,-0.3165959263631112,2810.007836734694,52755.510204081635,12925100.0,245,Consumer Defensive,Beverages - Brewers,1525255503872,873686827008.0,1.9293737,0.18124,0.088549994,0.716,0.082,0.054,0.147,False,1,1
DLTA,2016,-6.637242260324266e-05,0.0,0.02100771087522706,-0.014013877246559447,2836.894634146341,15702.487804878048,3862812.0,246,Consumer Defensive,Beverages - Brewers,1525255503872,873686827008.0,1.9293737,0.18124,0.088549994,0.716,0.082,0.054,0.147,False,1,1
DLTA,2017,-0.00019467879325238478,0.0,0.014402506079094525,-0.04824574544582927,2502.5430314960627,61999.606299212595,15747900.0,254,Consumer Defensive,Beverages - Brewers,1525255503872,873686827008.0,1.9293737,0.18124,0.088549994,0.716,0.082,0.054,0.147,False,1,1
DLTA,2018,0.0008793929855943636,0.0,0.011313375441882751,0.25799800099163406,3055.913180076628,27319.540229885057,7130400.0,261,Consumer Defensive,Beverages - Brewers,1525255503872,873686827008.0,1.9293737,0.18124,0.088549994,0.716,0.082,0.054,0.147,False,1,1
DLTA,2019,0.0010854135157953176,0.0,0.012441532820106717,0.32174293847164415,4101.076420233463,11766.926070038911,3024100.0,257,Consumer Defensive,Beverages - Brewers,1525255503872,873686827008.0,1.9293737,0.18124,0.088549994,0.716,0.082,0.054,0.147,False,1,1
DLTA,2020,-0.0014704760965824585,0.0,0.023865663767467803,-0.284809792138043,3093.530909090909,51806.61157024794,12537200.0,242,Consumer Defensive,Beverages - Brewers,1525255503872,873686827008.0,1.9293737,0.18124,0.088549994,0.716,0.082,0.054,0.147,False,1,1
DLTA,2021,-0.00039395715553229994,0.0,0.010026253300843963,-0.054023958512065096,2657.8039271255066,117463.96761133603,29013600.0,247,Consumer Defensive,Beverages - Brewers,1525255503872,873686827008.0,1.9293737,0.18124,0.088549994,0.716,0.082,0.054,0.147,False,1,1
DLTA,2022,0.00040093400383534944,0.0,0.006701209365648115,0.10071177530346453,2886.0054471544713,151041.0569105691,37156100.0,246,Consumer Defensive,Beverages - Brewers,1525255503872,873686827008.0,1.9293737,0.18124,0.088549994,0.716,0.082,0.054,0.147,False,1,1
DLTA,2023,1.1435651349017858e-05,0.0,0.007486930199376696,0.013320318060724201,3070.5779916317993,126165.69037656904,30153600.0,239,Consumer Defensive,Beverages - Brewers,1525255503872,873686827008.0,1.9293737,0.18124,0.088549994,0.716,0.082,0.054,0.147,False,1,1
DLTA,2024,-0.0017236080223890413,0.0,0.013230020150170774,-0.3409516797176868,2542.280042194093,98482.27848101266,23340300.0,237,Consumer Defensive,Beverages - Brewers,1525255503872,873686827008.0,1.9293737,0.18124,0.088549994,0.716,0.082,0.054,0.147,False,1,1
DLTA,2025,6.960277311654918e-05,0.0,0.012627186703462174,0.011856757149369068,2012.451652542373,72250.42372881356,17051100.0,236,Consumer Defensive,Beverages - Brewers,1525255503872,873686827008.0,1.9293737,0.18124,0.088549994,0.716,0.082,0.054,0.147,False,1,1
DLTA,2026,-0.000500987203713234,0.0,0.009020753841714283,-0.052238805970149294,1963.5897435897436,117629.05982905983,13762600.0,117,Consumer Defensive,Beverages - Brewers,1525255503872,873686827008.0,1.9293737,0.18124,0.088549994,0.716,0.082,0.054,0.147,False,1,1
DVLA,2010,0.002194112129849463,0.0,0.025217127658892766,0.5760702580909463,437.8393469387755,85920.68571428572,21050568.0,244,Healthcare,Drug Manufacturers - Specialty & Generic,1691199995904,1241100320768.0,1.1023675,0.09178001,0.046869997,0.011,0.093,-0.299,-0.103,False,1,1
DVLA,2011,0.00036566329672897517,0.0,0.0197727836418851,0.008772642352367965,610.8741700404859,23734.81781376518,5862500.0,247,Healthcare,Drug Manufacturers - Specialty & Generic,1691199995904,1241100320768.0,1.1023675,0.09178001,0.046869997,0.011,0.093,-0.299,-0.103,False,1,1
DVLA,2012,0.001668671178838129,0.0,0.016803592624792866,0.5075609952492148,785.8016666666666,105044.77642276423,25841015.0,246,Healthcare,Drug Manufacturers - Specialty & Generic,1691199995904,1241100320768.0,1.1023675,0.09178001,0.046869997,0.011,0.093,-0.299,-0.103,False,1,1
DVLA,2013,0.0020790019120454097,0.0,0.031995364795981536,0.310983012911876,1264.9522131147542,45908.41803278688,11201654.0,244,Healthcare,Drug Manufacturers - Specialty & Generic,1691199995904,1241100320768.0,1.1023675,0.09178001,0.046869997,0.011,0.093,-0.299,-0.103,False,1,1
DVLA,2014,-0.0007690514188308693,0.0,0.02287048469342984,-0.24018677606557637,1080.8346721311475,13111.475409836066,3199200.0,244,Healthcare,Drug Manufacturers - Specialty & Generic,1691199995904,1241100320768.0,1.1023675,0.09178001,0.046869997,0.011,0.093,-0.299,-0.103,False,1,1
DVLA,2015,-0.0010360107373804039,0.0,0.025425346032189388,-0.15090415517316857,903.4835102040817,5388.571428571428,1320200.0,245,Healthcare,Drug Manufacturers - Specialty & Generic,1691199995904,1241100320768.0,1.1023675,0.09178001,0.046869997,0.011,0.093,-0.299,-0.103,False,1,1
DVLA,2016,0.001186275931832517,0.0,0.02160016530381356,0.3828155214644837,900.8134552845528,14706.959349593495,3617912.0,246,Healthcare,Drug Manufacturers - Specialty & Generic,1691199995904,1241100320768.0,1.1023675,0.09178001,0.046869997,0.011,0.093,-0.299,-0.103,False,1,1
DVLA,2017,0.000403960100095214,0.0,0.017685001527100883,0.172423437281499,1197.143031496063,7686.614173228347,1952400.0,254,Healthcare,Drug Manufacturers - Specialty & Generic,1691199995904,1241100320768.0,1.1023675,0.09178001,0.046869997,0.011,0.093,-0.299,-0.103,False,1,1
DVLA,2018,0.00017455497889160403,0.0,0.011130835563054138,0.046612595419847525,1293.5042911877395,8787.356321839081,2293500.0,261,Healthcare,Drug Manufacturers - Specialty & Generic,1691199995904,1241100320768.0,1.1023675,0.09178001,0.046869997,0.011,0.093,-0.299,-0.103,False,1,1
DVLA,2019,0.000857668430380608,0.0,0.01753357513051074,0.17945328288583973,1493.2274319066148,28468.093385214008,7316300.0,257,Healthcare,Drug Manufacturers - Specialty & Generic,1691199995904,1241100320768.0,1.1023675,0.09178001,0.046869997,0.011,0.093,-0.299,-0.103,False,1,1
DVLA,2020,-0.0003649271111318237,0.0,0.02245410062197468,0.13577101558539484,1637.2864462809919,34641.32231404959,8383200.0,242,Healthcare,Drug Manufacturers - Specialty & Generic,1691199995904,1241100320768.0,1.1023675,0.09178001,0.046869997,0.011,0.093,-0.299,-0.103,False,1,1
DVLA,2021,0.0006707145354562752,0.0,0.013749008414768631,0.15068493150684947,1815.93004048583,39951.82186234818,9868100.0,247,Healthcare,Drug Manufacturers - Specialty & Generic,1691199995904,1241100320768.0,1.1023675,0.09178001,0.046869997,0.011,0.093,-0.299,-0.103,False,1,1
DVLA,2022,-0.0005791396520413956,0.0,0.013485194622133977,-0.09840082413879425,2003.4382520325203,27626.016260162603,6796000.0,246,Healthcare,Drug Manufacturers - Specialty & Generic,1691199995904,1241100320768.0,1.1023675,0.09178001,0.046869997,0.011,0.093,-0.299,-0.103,False,1,1
DVLA,2023,-0.0010302591312393715,0.0,0.00997344593758932,-0.2505833168705385,1586.3391631799163,52590.37656903766,12569100.0,239,Healthcare,Drug Manufacturers - Specialty & Generic,1691199995904,1241100320768.0,1.1023675,0.09178001,0.046869997,0.011,0.093,-0.299,-0.103,False,1,1
DVLA,2024,0.00010591898919429864,0.0,0.012886032055809387,0.03161644542561426,1398.4164978902954,57835.86497890295,13707100.0,237,Healthcare,Drug Manufacturers - Specialty & Generic,1691199995904,1241100320768.0,1.1023675,0.09178001,0.046869997,0.011,0.093,-0.299,-0.103,False,1,1
DVLA,2025,0.00040544350950012353,0.0,0.013261485042131744,0.10041201442397885,1505.1330508474578,47762.28813559322,11271900.0,236,Healthcare,Drug Manufacturers - Specialty & Generic,1691199995904,1241100320768.0,1.1023675,0.09178001,0.046869997,0.011,0.093,-0.299,-0.103,False,1,1
DVLA,2026,-0.00040778682067421065,0.0,0.009167309978269093,-0.04947154394777753,1547.0952136752135,25591.452991452992,2994200.0,117,Healthcare,Drug Manufacturers - Specialty & Generic,1691199995904,1241100320768.0,1.1023675,0.09178001,0.046869997,0.011,0.093,-0.299,-0.103,False,1,1
ELSA,2010,-0.0015826224422934862,0.0,0.02665909800400604,-0.031221154368246684,202.73804081632653,47878340.81632653,11730193500.0,244,Energy,Oil & Gas Equipment & Services,3904697532416,881733992448.0,0.70967144,0.13618,0.04753,9.986,-0.03,0.016,0.156,False,1,1
ELSA,2011,-0.0011202351110737938,0.0,0.024391680905372772,-0.29598145285935085,145.69801619433196,12241836.048582995,3023733504.0,247,Energy,Oil & Gas Equipment & Services,3904697532416,881733992448.0,0.70967144,0.13618,0.04753,9.986,-0.03,0.016,0.156,False,1,1
ELSA,2012,-0.0013339389188664439,0.0,0.020768073350729173,-0.24784381370550412,109.49333333333334,23955642.30487805,5893088007.0,246,Energy,Oil & Gas Equipment & Services,3904697532416,881733992448.0,0.70967144,0.13618,0.04753,9.986,-0.03,0.016,0.156,False,1,1
ELSA,2013,0.002671075821111504,0.0,0.01902845828938568,0.8992168178070898,139.58516393442622,13251102.483606558,3233269006.0,244,Energy,Oil & Gas Equipment & Services,3904697532416,881733992448.0,0.70967144,0.13618,0.04753,9.986,-0.03,0.016,0.156,False,1,1
ELSA,2014,0.003019374436222933,0.0,0.025611486208357924,1.105029664867176,315.08782786885246,38637984.0,9427668096.0,244,Energy,Oil & Gas Equipment & Services,3904697532416,881733992448.0,0.70967144,0.13618,0.04753,9.986,-0.03,0.016,0.156,False,1,1
ELSA,2015,-0.0039012783015185473,-0.007962383047474653,0.030949613372278504,-0.6059968847352024,274.3441224489796,31872550.204081632,7808774800.0,245,Energy,Oil & Gas Equipment & Services,3904697532416,881733992448.0,0.70967144,0.13618,0.04753,9.986,-0.03,0.016,0.156,False,1,1
ELSA,2016,0.0014619222692819137,0.0,0.03257303724840225,0.7903302366583034,266.22910569105693,83285530.08130081,20488240400.0,246,Energy,Oil & Gas Equipment & Services,3904697532416,881733992448.0,0.70967144,0.13618,0.04753,9.986,-0.03,0.016,0.156,False,1,1
ELSA,2017,-0.001065844445696263,-0.004527974809480639,0.02622878732038653,-0.10196197257783501,216.47948818897638,77123661.81102362,19589410100.0,254,Energy,Oil & Gas Equipment & Services,3904697532416,881733992448.0,0.70967144,0.13618,0.04753,9.986,-0.03,0.016,0.156,False,1,1
ELSA,2018,-0.00011104753296763137,0.0,0.026318296599327183,-0.06465626318009277,252.58727969348658,55909848.65900383,14592470500.0,261,Energy,Oil & Gas Equipment & Services,3904697532416,881733992448.0,0.70967144,0.13618,0.04753,9.986,-0.03,0.016,0.156,False,1,1
ELSA,2019,-0.000364475428808416,0.0,0.01987543992538741,-0.08941696352076478,228.29805447470815,26696053.307392996,6860885700.0,257,Energy,Oil & Gas Equipment & Services,3904697532416,881733992448.0,0.70967144,0.13618,0.04753,9.986,-0.03,0.016,0.156,False,1,1
ELSA,2020,0.00018715848755223062,0.0,0.033764293740167844,0.2269443050677371,161.34561983471073,72976892.56198347,17660408000.0,242,Energy,Oil & Gas Equipment & Services,3904697532416,881733992448.0,0.70967144,0.13618,0.04753,9.986,-0.03,0.016,0.156,False,1,1
ELSA,2021,-0.0010692719572916421,0.0,0.025972724723905733,-0.20336678795633578,226.75097165991903,96381094.3319838,23806130300.0,247,Energy,Oil & Gas Equipment & Services,3904697532416,881733992448.0,0.70967144,0.13618,0.04753,9.986,-0.03,0.016,0.156,False,1,1
ELSA,2022,0.0004206380356194702,0.0,0.024297135823531227,0.1668941806966986,225.00691056910568,72275073.98373984,17779668200.0,246,Energy,Oil & Gas Equipment & Services,3904697532416,881733992448.0,0.70967144,0.13618,0.04753,9.986,-0.03,0.016,0.156,False,1,1
ELSA,2023,0.0012396570571602985,0.0,0.018466731462541748,0.31946097602448553,280.41941422594147,35055005.85774059,8378146400.0,239,Energy,Oil & Gas Equipment & Services,3904697532416,881733992448.0,0.70967144,0.13618,0.04753,9.986,-0.03,0.016,0.156,False,1,1
ELSA,2024,0.0007315337308435363,0.0,0.019064985549650658,0.1711983248199498,370.5366244725738,37941088.60759494,8992038000.0,237,Energy,Oil & Gas Equipment & Services,3904697532416,881733992448.0,0.70967144,0.13618,0.04753,9.986,-0.03,0.016,0.156,False,1,1
ELSA,2025,0.0012575968306674419,0.0,0.019345502975166885,0.2347440418937694,425.4320338983051,31267119.491525423,7379040200.0,236,Energy,Oil & Gas Equipment & Services,3904697532416,881733992448.0,0.70967144,0.13618,0.04753,9.986,-0.03,0.016,0.156,False,1,1
ELSA,2026,-0.00024590718554024497,0.0,0.03524198909748616,0.13043294525323823,637.0935897435897,82998370.08547008,9710809300.0,117,Energy,Oil & Gas Equipment & Services,3904697532416,881733992448.0,0.70967144,0.13618,0.04753,9.986,-0.03,0.016,0.156,False,1,1
EMTK,2010,0.0024820313546273765,0.0,0.03059868534871983,0.7253679653679654,58.48933054393306,3586694.560669456,857220000.0,238,Communication Services,Broadcasting,29489966874624,21360359243776.0,0.7993645,0.09003,0.0118700005,4.509,0.476,,0.25,False,1,1
EMTK,2011,0.004489242897054052,0.0,0.03585525897093973,1.7501020408163264,154.71125506072875,2240040.4858299596,553290000.0,247,Communication Services,Broadcasting,29489966874624,21360359243776.0,0.7993645,0.09003,0.0118700005,4.509,0.476,,0.25,False,1,1
EMTK,2012,0.0012747319163540446,0.0,0.031028256909621802,0.21138362212904904,352.4766260162602,216951.38211382114,53370040.0,246,Communication Services,Broadcasting,29489966874624,21360359243776.0,0.7993645,0.09003,0.0118700005,4.509,0.476,,0.25,False,1,1
EMTK,2013,0.0011345668441627855,0.0,0.021988705487166606,0.44579518583641553,468.13315573770495,247377.17213114753,60360030.0,244,Communication Services,Broadcasting,29489966874624,21360359243776.0,0.7993645,0.09003,0.0118700005,4.509,0.476,,0.25,False,1,1
EMTK,2014,0.002322464558383467,0.0,0.030903868071009425,0.4213792958839193,526.7644672131147,120528.68852459016,29409000.0,244,Communication Services,Broadcasting,29489966874624,21360359243776.0,0.7993645,0.09003,0.0118700005,4.509,0.476,,0.25,False,1,1
EMTK,2015,0.0020657371257958444,0.0,0.02784134996433945,0.33465659834591865,940.8535102040817,147583.67346938775,36158000.0,245,Communication Services,Broadcasting,29489966874624,21360359243776.0,0.7993645,0.09003,0.0118700005,4.509,0.476,,0.25,False,1,1
EMTK,2016,9.41586392088211e-05,0.0,0.023186440583922555,-0.023967583412363158,844.9135365853659,636353.6585365854,156543000.0,246,Communication Services,Broadcasting,29489966874624,21360359243776.0,0.7993645,0.09003,0.0118700005,4.509,0.476,,0.25,False,1,1
EMTK,2017,0.0005033125989709873,0.0,0.027268403133822762,-0.043779259782704694,899.7577559055118,2970870.0787401577,754601000.0,254,Communication Services,Broadcasting,29489966874624,21360359243776.0,0.7993645,0.09003,0.0118700005,4.509,0.476,,0.25,False,1,1
EMTK,2018,-0.0001851780957336738,0.0,0.015828337406774744,-0.11382977495005941,817.7722988505748,59019.15708812261,15404000.0,261,Communication Services,Broadcasting,29489966874624,21360359243776.0,0.7993645,0.09003,0.0118700005,4.509,0.476,,0.25,False,1,1
EMTK,2019,-0.0014033037384520045,0.0,0.02353598826021056,-0.33630855430321194,668.6757751937985,120693.7984496124,31139000.0,258,Communication Services,Broadcasting,29489966874624,21360359243776.0,0.7993645,0.09003,0.0118700005,4.509,0.476,,0.25,False,1,1
EMTK,2020,0.002140410810041991,0.0,0.03959339402661333,1.5112201825856482,571.6967355371901,914016.5289256198,221192000.0,242,Communication Services,Broadcasting,29489966874624,21360359243776.0,0.7993645,0.09003,0.0118700005,4.509,0.476,,0.25,False,1,1
EMTK,2021,0.0017036292318815824,0.0,0.032856035714932515,0.48051883439943155,1966.7035222672066,40897449.39271255,10101670000.0,247,Communication Services,Broadcasting,29489966874624,21360359243776.0,0.7993645,0.09003,0.0118700005,4.509,0.476,,0.25,False,1,1
EMTK,2022,-0.0034612383255861047,-0.0030169115884950415,0.03363538269414863,-0.5783926983885883,1705.0117886178862,51107542.682926826,12572455500.0,246,Communication Services,Broadcasting,29489966874624,21360359243776.0,0.7993645,0.09003,0.0118700005,4.509,0.476,,0.25,False,1,1
EMTK,2023,-0.0024835142291213057,-0.005247972444265336,0.028096381908373318,-0.41754408491696615,664.9120083682009,30963374.476987448,7400246500.0,239,Communication Services,Broadcasting,29489966874624,21360359243776.0,0.7993645,0.09003,0.0118700005,4.509,0.476,,0.25,False,1,1
EMTK,2024,-0.0008962710766649546,-0.0042164181717891935,0.0297651164471026,-0.15020751500778184,416.7199156118143,37206783.5443038,8818007700.0,237,Communication Services,Broadcasting,29489966874624,21360359243776.0,0.7993645,0.09003,0.0118700005,4.509,0.476,,0.25,False,1,1
EMTK,2025,0.0032662465582511966,0.0,0.037612212009605565,1.1973396538689443,824.353220338983,99652070.33898304,23517888600.0,236,Communication Services,Broadcasting,29489966874624,21360359243776.0,0.7993645,0.09003,0.0118700005,4.509,0.476,,0.25,False,1,1
EMTK,2026,-0.0054876681926763924,-0.008732371668237704,0.03691512600733778,-0.557907674245829,796.8464957264956,52443915.384615384,6135938100.0,117,Communication Services,Broadcasting,29489966874624,21360359243776.0,0.7993645,0.09003,0.0118700005,4.509,0.476,,0.25,False,1,1
EXCL,2010,0.0037588070375234512,0.0,0.028036563947695027,1.7894722237638048,3197.2807346938775,2059401.9510204082,504553478.0,244,Communication Services,Telecom Services,43133677076480,101893258870784.0,1.4800844,-0.20136999,-0.010720001,209.04,0.374,,-0.146,False,1,1
EXCL,2011,-0.0004673386079794276,0.0,0.024637435930727362,-0.1232039968366746,4203.838421052631,4084571.194331984,1008889085.0,247,Communication Services,Telecom Services,43133677076480,101893258870784.0,1.4800844,-0.20136999,-0.010720001,209.04,0.374,,-0.146,False,1,1
EXCL,2012,0.0015782516897731018,0.0,0.02355246981709991,0.3060553242496713,4553.513780487804,3913462.0162601625,962711656.0,246,Communication Services,Telecom Services,43133677076480,101893258870784.0,1.4800844,-0.20136999,-0.010720001,209.04,0.374,,-0.146,False,1,1
EXCL,2013,-0.00021234016191198058,0.0,0.025023663642034108,-0.06074202816301921,3952.4152868852457,5139084.0450819675,1253936507.0,244,Communication Services,Telecom Services,43133677076480,101893258870784.0,1.4800844,-0.20136999,-0.010720001,209.04,0.374,,-0.146,False,1,1
EXCL,2014,-0.00020519817410215147,0.0,0.02462981282060065,-0.04314441367542565,4307.985573770492,4610126.2745901635,1124870811.0,244,Communication Services,Telecom Services,43133677076480,101893258870784.0,1.4800844,-0.20136999,-0.010720001,209.04,0.374,,-0.146,False,1,1
EXCL,2015,-0.0011015655190543061,-0.0021044879259459748,0.03026627339558079,-0.2450868848268568,3110.501836734694,3667252.481632653,898476858.0,245,Communication Services,Telecom Services,43133677076480,101893258870784.0,1.4800844,-0.20136999,-0.010720001,209.04,0.374,,-0.146,False,1,1
EXCL,2016,-0.0017083413017354707,0.0,0.02495588986949285,-0.36706269935355407,2720.2195121951218,10460730.25203252,2573339642.0,246,Communication Services,Telecom Services,43133677076480,101893258870784.0,1.4800844,-0.20136999,-0.010720001,209.04,0.374,,-0.146,False,1,1
EXCL,2017,0.0009427220674661057,0.0,0.02336806430494339,0.28138662527486735,2691.145275590551,6133313.385826772,1557861600.0,254,Communication Services,Telecom Services,43133677076480,101893258870784.0,1.4800844,-0.20136999,-0.010720001,209.04,0.374,,-0.146,False,1,1
EXCL,2018,-0.0013205282679094091,0.0,0.029453583710254107,-0.33107889848986505,2180.6202681992336,12402855.938697318,3237145400.0,261,Communication Services,Telecom Services,43133677076480,101893258870784.0,1.4800844,-0.20136999,-0.010720001,209.04,0.374,,-0.146,False,1,1
EXCL,2019,0.0016449844646248947,0.0,0.023322436676210638,0.590903329007334,2473.100581395349,15515333.333333334,4002956000.0,258,Communication Services,Telecom Services,43133677076480,101893258870784.0,1.4800844,-0.20136999,-0.010720001,209.04,0.374,,-0.146,False,1,1
EXCL,2020,-0.0014550891509200342,-0.003195951256980134,0.03358181726550275,-0.1429156520638325,2088.7311570247934,27430952.892561983,6638290600.0,242,Communication Services,Telecom Services,43133677076480,101893258870784.0,1.4800844,-0.20136999,-0.010720001,209.04,0.374,,-0.146,False,1,1
EXCL,2021,0.000667759399370045,-0.00318195503712726,0.022394573787981115,0.13364151518568157,2212.962186234818,28231936.842105262,6973288400.0,247,Communication Services,Telecom Services,43133677076480,101893258870784.0,1.4800844,-0.20136999,-0.010720001,209.04,0.374,,-0.146,False,1,1
EXCL,2022,-0.0015273281051882436,-0.0015076273354917014,0.02422317285553282,-0.3110348242528157,2260.299756097561,19956231.707317073,4909233000.0,246,Communication Services,Telecom Services,43133677076480,101893258870784.0,1.4800844,-0.20136999,-0.010720001,209.04,0.374,,-0.146,False,1,1
EXCL,2023,-7.954964248725576e-05,0.0,0.021911314285367203,-0.05794487435139295,1891.5842259414226,20163323.849372383,4819034400.0,239,Communication Services,Telecom Services,43133677076480,101893258870784.0,1.4800844,-0.20136999,-0.010720001,209.04,0.374,,-0.146,False,1,1
EXCL,2024,0.0005772186256520743,0.0,0.019530393682904035,0.14659973947805782,2052.7673417721517,24445484.810126584,5793579900.0,237,Communication Services,Telecom Services,43133677076480,101893258870784.0,1.4800844,-0.20136999,-0.010720001,209.04,0.374,,-0.146,False,1,1
EXCL,2025,0.0025246357326463567,0.0,0.020834575595832277,0.8363089700020565,2376.129279661017,15698335.169491526,3704807100.0,236,Communication Services,Telecom Services,43133677076480,101893258870784.0,1.4800844,-0.20136999,-0.010720001,209.04,0.374,,-0.146,False,1,1
EXCL,2026,-0.0022731326287792944,-0.004210532536343514,0.03701737496822218,-0.368,3079.1452991452993,24921352.136752136,2915798200.0,117,Communication Services,Telecom Services,43133677076480,101893258870784.0,1.4800844,-0.20136999,-0.010720001,209.04,0.374,,-0.146,False,1,1
GGRM,2010,0.0023567676794403504,0.0,0.023187995898039975,0.8697872878174608,21784.918040816327,991339.081632653,242878075.0,244,Consumer Defensive,Tobacco,30785409122304,26201066307584.0,0.48022714,0.04741,0.03514,0.261,-0.128,13.796,0.847,False,1,1
GGRM,2011,0.001909661374264837,0.0,0.022881893456837558,0.5373899461095728,30861.567327935223,1095459.5141700404,270578500.0,247,Consumer Defensive,Tobacco,30785409122304,26201066307584.0,0.48022714,0.04741,0.03514,0.261,-0.128,13.796,0.847,False,1,1
GGRM,2012,-0.00027518089904696256,0.0,0.01893038883207959,-0.08056458352678997,35403.187642276425,1235424.8577235772,303914515.0,246,Consumer Defensive,Tobacco,30785409122304,26201066307584.0,0.48022714,0.04741,0.03514,0.261,-0.128,13.796,0.847,False,1,1
GGRM,2013,-0.0010464226456053944,-0.0012098068379593485,0.02306470157168194,-0.23201247362217126,29726.774795081965,1091812.6024590165,266402275.0,244,Consumer Defensive,Tobacco,30785409122304,26201066307584.0,0.48022714,0.04741,0.03514,0.261,-0.128,13.796,0.847,False,1,1
GGRM,2014,0.001570149532985781,0.0,0.016000654084450158,0.4411145962661416,35309.59639344262,967307.8032786886,236023104.0,244,Consumer Defensive,Tobacco,30785409122304,26201066307584.0,0.48022714,0.04741,0.03514,0.261,-0.128,13.796,0.847,False,1,1
GGRM,2015,-0.00028835659781405957,-0.0005814507154013882,0.024222818219684153,-0.0947788292798103,33280.13240816327,1051580.0,257637100.0,245,Consumer Defensive,Tobacco,30785409122304,26201066307584.0,0.48022714,0.04741,0.03514,0.261,-0.128,13.796,0.847,False,1,1
GGRM,2016,0.0007664738722730827,0.0,0.020076335992609762,0.23615660080838485,45311.61166666667,1216259.7723577237,299199904.0,246,Consumer Defensive,Tobacco,30785409122304,26201066307584.0,0.48022714,0.04741,0.03514,0.261,-0.128,13.796,0.847,False,1,1
GGRM,2017,0.0011953405842446995,0.0,0.01803547070873202,0.35474942143255017,50640.130511811025,894222.4409448819,227132500.0,254,Consumer Defensive,Tobacco,30785409122304,26201066307584.0,0.48022714,0.04741,0.03514,0.261,-0.128,13.796,0.847,False,1,1
GGRM,2018,0.00013920680336873006,0.0,0.01784253312640316,0.03700108515039502,56318.17544061303,791180.8429118774,206498200.0,261,Consumer Defensive,Tobacco,30785409122304,26201066307584.0,0.48022714,0.04741,0.03514,0.261,-0.128,13.796,0.847,False,1,1
GGRM,2019,-0.0010205619042834878,-0.0006474435358096997,0.019007474399635554,-0.3444285551230013,55683.67249027237,1455816.3424124513,374144800.0,257,Consumer Defensive,Tobacco,30785409122304,26201066307584.0,0.48022714,0.04741,0.03514,0.261,-0.128,13.796,0.847,False,1,1
GGRM,2020,-0.001273951330455495,-0.0005326454205585307,0.026468740065957418,-0.2314900604111061,37120.251404958675,1707928.5123966942,413318700.0,242,Consumer Defensive,Tobacco,30785409122304,26201066307584.0,0.48022714,0.04741,0.03514,0.261,-0.128,13.796,0.847,False,1,1
GGRM,2021,-0.0009089678936799013,-0.0007567409405133674,0.017220065293945395,-0.20204981850726766,28606.612388663965,1370303.2388663967,338464900.0,247,Consumer Defensive,Tobacco,30785409122304,26201066307584.0,0.48022714,0.04741,0.03514,0.261,-0.128,13.796,0.847,False,1,1
GGRM,2022,-0.0018549333086668332,-0.0009232688121638688,0.018181868486287174,-0.36833332299860166,23591.437967479676,1309486.5853658537,322133700.0,246,Consumer Defensive,Tobacco,30785409122304,26201066307584.0,0.48022714,0.04741,0.03514,0.261,-0.128,13.796,0.847,False,1,1
GGRM,2023,0.0008174510508600991,-0.001897758047221032,0.024364954752139633,0.178517796453882,22759.159246861924,1974838.9121338911,471986500.0,239,Consumer Defensive,Tobacco,30785409122304,26201066307584.0,0.48022714,0.04741,0.03514,0.261,-0.128,13.796,0.847,False,1,1
GGRM,2024,-0.0017973396975628749,-0.0024540385949727295,0.015112661024965451,-0.36177908550388327,16264.969029535865,817778.05907173,193813400.0,237,Consumer Defensive,Tobacco,30785409122304,26201066307584.0,0.48022714,0.04741,0.03514,0.261,-0.128,13.796,0.847,False,1,1
GGRM,2025,-0.00010768943864018306,-0.0021122946096090445,0.027902448154901227,0.1292517336030632,10951.411949152543,1511194.9152542374,356642000.0,236,Consumer Defensive,Tobacco,30785409122304,26201066307584.0,0.48022714,0.04741,0.03514,0.261,-0.128,13.796,0.847,False,1,1
GGRM,2026,0.0009904840444998951,0.0,0.031046532527854605,0.17216117216117222,15551.495726495727,1125847.0085470085,131724100.0,117,Consumer Defensive,Tobacco,30785409122304,26201066307584.0,0.48022714,0.04741,0.03514,0.261,-0.128,13.796,0.847,False,1,1
GJTL,2010,0.005003770676195123,0.0,0.03369279595777392,3.670578469783669,1044.162775510204,21536232.653061226,5276377000.0,244,Consumer Cyclical,Auto Parts,3832904417280,7803423948800.0,0.3534141,0.12292,0.054580003,48.59,-0.047,0.078,0.43,False,1,1
GJTL,2011,0.0012620175509450698,0.0,0.027808177529909734,0.28194773219736713,2137.9875303643726,8034074.898785425,1984416500.0,247,Consumer Cyclical,Auto Parts,3832904417280,7803423948800.0,0.3534141,0.12292,0.054580003,48.59,-0.047,0.078,0.43,False,1,1
GJTL,2012,-0.0011967474663500744,0.0,0.017849904030599134,-0.24876207854684196,2005.619430894309,3359703.2967479676,826487011.0,246,Consumer Cyclical,Auto Parts,3832904417280,7803423948800.0,0.3534141,0.12292,0.054580003,48.59,-0.047,0.078,0.43,False,1,1
GJTL,2013,-0.0008390998494999897,0.0,0.030490819132038022,-0.22970800066997932,2003.564262295082,5483231.668032787,1337908527.0,244,Consumer Cyclical,Auto Parts,3832904417280,7803423948800.0,0.3534141,0.12292,0.054580003,48.59,-0.047,0.078,0.43,False,1,1
GJTL,2014,-0.0006337550753206259,-0.002241155436494058,0.021463513033604872,-0.1669569280434967,1454.550163934426,4642924.590163934,1132873600.0,244,Consumer Cyclical,Auto Parts,3832904417280,7803423948800.0,0.3534141,0.12292,0.054580003,48.59,-0.047,0.078,0.43,False,1,1
GJTL,2015,-0.0042509357558981374,-0.0064767266488052755,0.02829010861235146,-0.6169769212137988,752.2285306122449,4157558.3673469387,1018601800.0,245,Consumer Cyclical,Auto Parts,3832904417280,7803423948800.0,0.3534141,0.12292,0.054580003,48.59,-0.047,0.078,0.43,False,1,1
GJTL,2016,0.0022736656791406003,0.0,0.03093371055445027,1.057683454562195,823.9609349593496,11349144.715447154,2791889600.0,246,Consumer Cyclical,Auto Parts,3832904417280,7803423948800.0,0.3534141,0.12292,0.054580003,48.59,-0.047,0.078,0.43,False,1,1
GJTL,2017,-0.0016823141791390116,0.0,0.02316627019209941,-0.36131060250128644,791.7717716535433,11175739.37007874,2838637800.0,254,Consumer Cyclical,Auto Parts,3832904417280,7803423948800.0,0.3534141,0.12292,0.054580003,48.59,-0.047,0.078,0.43,False,1,1
GJTL,2018,-0.0001403506622409232,0.0,0.023711542338871492,-0.04411945003940809,606.5334482758622,8162774.329501916,2130484100.0,261,Consumer Cyclical,Auto Parts,3832904417280,7803423948800.0,0.3534141,0.12292,0.054580003,48.59,-0.047,0.078,0.43,False,1,1
GJTL,2019,-0.0005029992818668955,0.0,0.020926609987687635,-0.09998900615655237,570.7246303501946,5502776.26459144,1414213500.0,257,Consumer Cyclical,Auto Parts,3832904417280,7803423948800.0,0.3534141,0.12292,0.054580003,48.59,-0.047,0.078,0.43,False,1,1
GJTL,2020,-0.0006636902288632069,0.0,0.0341558787802067,0.1293045031725497,379.67904958677684,6675856.1983471075,1615557200.0,242,Consumer Cyclical,Auto Parts,3832904417280,7803423948800.0,0.3534141,0.12292,0.054580003,48.59,-0.047,0.078,0.43,False,1,1
GJTL,2021,-0.000669088423449114,0.0,0.023525136554190213,-0.00902005429547259,667.097894736842,15322344.129554655,3784619000.0,247,Consumer Cyclical,Auto Parts,3832904417280,7803423948800.0,0.3534141,0.12292,0.054580003,48.59,-0.047,0.078,0.43,False,1,1
GJTL,2022,-0.0006985199058203924,0.0,0.015645858349554446,-0.16417570080342403,547.5073170731707,3076812.601626016,756895900.0,246,Consumer Cyclical,Auto Parts,3832904417280,7803423948800.0,0.3534141,0.12292,0.054580003,48.59,-0.047,0.078,0.43,False,1,1
GJTL,2023,0.0012685373483345152,0.0,0.026067631153678866,0.8318563820935263,672.2467364016736,23185420.920502093,5541315600.0,239,Consumer Cyclical,Auto Parts,3832904417280,7803423948800.0,0.3534141,0.12292,0.054580003,48.59,-0.047,0.078,0.43,False,1,1
GJTL,2024,0.0004101286266616001,0.0,0.02608719912017899,0.08271846773315916,1022.854388185654,18805638.396624472,4456936300.0,237,Consumer Cyclical,Auto Parts,3832904417280,7803423948800.0,0.3534141,0.12292,0.054580003,48.59,-0.047,0.078,0.43,False,1,1
GJTL,2025,0.0002479777508607986,0.0,0.018260485918874258,-0.044684992921189326,970.9394067796611,6016857.203389831,1419978300.0,236,Consumer Cyclical,Auto Parts,3832904417280,7803423948800.0,0.3534141,0.12292,0.054580003,48.59,-0.047,0.078,0.43,False,1,1
GJTL,2026,0.001060249727727612,0.0,0.018634065773728593,0.11606010490964991,1056.695641025641,5908277.777777778,691268500.0,117,Consumer Cyclical,Auto Parts,3832904417280,7803423948800.0,0.3534141,0.12292,0.054580003,48.59,-0.047,0.078,0.43,False,1,1
GOTO,2022,-0.0054876681926763924,-0.008196904887837864,0.04104764627456162,-0.6683060732428538,260.7932960893855,1836957529.0502794,328815397700.0,178,Technology,Software - Infrastructure,53100509396992,34780695494656.0,1.6553551,-0.03291,0.00322,27.754,0.263,,0.469,False,1,1
GOTO,2023,-0.00023408061303393179,0.0,0.036395014434453136,-0.07526881720430112,100.76569037656904,4455062248.117155,1064759877300.0,239,Technology,Software - Infrastructure,53100509396992,34780695494656.0,1.6553551,-0.03291,0.00322,27.754,0.263,,0.469,False,1,1
GOTO,2024,-0.001144443371793131,0.0,0.03194543909148957,-0.1954022988505747,65.9113924050633,3386675830.8016877,802642171900.0,237,Technology,Software - Infrastructure,53100509396992,34780695494656.0,1.6553551,-0.03291,0.00322,27.754,0.263,,0.469,False,1,1
GOTO,2025,-0.00017335337807097286,0.0,0.02876963080108681,-0.09859154929577463,67.76694915254237,3757203792.3728814,886700095000.0,236,Technology,Software - Infrastructure,53100509396992,34780695494656.0,1.6553551,-0.03291,0.00322,27.754,0.263,,0.469,False,1,1
GOTO,2026,-0.002034389017335544,0.0,0.0220716817446363,-0.2753623188405797,55.401709401709404,3548049270.08547,415121764600.0,117,Technology,Software - Infrastructure,53100509396992,34780695494656.0,1.6553551,-0.03291,0.00322,27.754,0.263,,0.469,False,1,1
HMSP,2010,0.0035063042018240002,0.0,0.021308461054326926,1.8957531244447074,303.10865306122446,1422221.5714285714,348444285.0,244,Consumer Defensive,Tobacco,76769931558912,69310726799360.0,2.52309,0.22225,0.11257,1.217,-0.063,0.072,0.572,False,1,1
HMSP,2011,0.0014758036871687387,0.0,0.013771401648404595,0.4776466233445751,535.4123481781377,572533.1578947369,141415690.0,247,Consumer Defensive,Tobacco,76769931558912,69310726799360.0,2.52309,0.22225,0.11257,1.217,-0.063,0.072,0.572,False,1,1
HMSP,2012,0.0018596332021172733,0.0,0.010602350577848318,0.5800709762716583,965.6128861788618,498269.94715447153,122574407.0,246,Consumer Defensive,Tobacco,76769931558912,69310726799360.0,2.52309,0.22225,0.11257,1.217,-0.063,0.072,0.572,False,1,1
HMSP,2013,0.0002305862496028082,0.0,0.014193881308781511,0.038799180079743145,1409.0770081967212,238506.55737704918,58195600.0,244,Consumer Defensive,Tobacco,76769931558912,69310726799360.0,2.52309,0.22225,0.11257,1.217,-0.063,0.072,0.572,False,1,1
HMSP,2014,0.0005356844507731472,0.0,0.009157125400256356,0.13872365914328255,1344.4682786885246,171620.1393442623,41875314.0,244,Consumer Defensive,Tobacco,76769931558912,69310726799360.0,2.52309,0.22225,0.11257,1.217,-0.063,0.072,0.572,False,1,1
HMSP,2015,0.0015720186929403387,0.0,0.019210149179529637,0.50668230296057,1599.489306122449,6868421.693877551,1682763315.0,245,Consumer Defensive,Tobacco,76769931558912,69310726799360.0,2.52309,0.22225,0.11257,1.217,-0.063,0.072,0.572,False,1,1
HMSP,2016,0.0002918655415696256,0.0,0.020866627178641888,0.06764491935686157,2182.2674390243906,17210443.49593496,4233769100.0,246,Consumer Defensive,Tobacco,76769931558912,69310726799360.0,2.52309,0.22225,0.11257,1.217,-0.063,0.072,0.572,False,1,1
HMSP,2017,0.0009411988842508217,0.0,0.01507769300928529,0.2700604739238506,2216.1268897637797,16572601.181102362,4209440700.0,254,Consumer Defensive,Tobacco,76769931558912,69310726799360.0,2.52309,0.22225,0.11257,1.217,-0.063,0.072,0.572,False,1,1
HMSP,2018,-0.0006698025438975657,0.0,0.02149463449567528,-0.1911999200867206,2316.6769731800764,20665043.67816092,5393576400.0,261,Consumer Defensive,Tobacco,76769931558912,69310726799360.0,2.52309,0.22225,0.11257,1.217,-0.063,0.072,0.572,False,1,1
HMSP,2019,-0.001562277858848494,0.0,0.018292328053533917,-0.4131181585724546,1827.0379069767441,34526171.70542636,8907752300.0,258,Consumer Defensive,Tobacco,76769931558912,69310726799360.0,2.52309,0.22225,0.11257,1.217,-0.063,0.072,0.572,False,1,1
HMSP,2020,-0.0013186056177064852,-0.0030483100594795864,0.029153260297522417,-0.23251023972307727,1068.575123966942,67404315.2892562,16311844300.0,242,Consumer Defensive,Tobacco,76769931558912,69310726799360.0,2.52309,0.22225,0.11257,1.217,-0.063,0.072,0.572,False,1,1
HMSP,2021,-0.0015705097905109652,-0.003582421413735659,0.017107176042665168,-0.3260078458403869,796.963036437247,38738174.08906882,9568329000.0,247,Consumer Defensive,Tobacco,76769931558912,69310726799360.0,2.52309,0.22225,0.11257,1.217,-0.063,0.072,0.572,False,1,1
HMSP,2022,-0.0003060422870580093,0.0,0.016369466619667178,-0.08672472009952026,679.7877642276424,21591424.390243903,5311490400.0,246,Consumer Defensive,Tobacco,76769931558912,69310726799360.0,2.52309,0.22225,0.11257,1.217,-0.063,0.072,0.572,False,1,1
HMSP,2023,0.000501943059987725,0.0,0.01904476538323463,0.1479708087045537,724.8205857740586,33634428.87029289,8038628500.0,239,Consumer Defensive,Tobacco,76769931558912,69310726799360.0,2.52309,0.22225,0.11257,1.217,-0.063,0.072,0.572,False,1,1
HMSP,2024,-0.001194299399991348,0.0,0.017694513764277886,-0.2235785880617308,620.059029535865,26886597.46835443,6372123600.0,237,Consumer Defensive,Tobacco,76769931558912,69310726799360.0,2.52309,0.22225,0.11257,1.217,-0.063,0.072,0.572,False,1,1
HMSP,2025,9.5984536663319e-05,0.0,0.0255765531347075,0.24712654384232802,577.7918644067797,59661348.30508474,14080078200.0,236,Consumer Defensive,Tobacco,76769931558912,69310726799360.0,2.52309,0.22225,0.11257,1.217,-0.063,0.072,0.572,False,1,1
HMSP,2026,-0.00021803971198924616,-0.00563746124031983,0.02703874636898258,-0.03412749517063751,707.4056410256411,41170047.00854701,4816895500.0,117,Consumer Defensive,Tobacco,76769931558912,69310726799360.0,2.52309,0.22225,0.11257,1.217,-0.063,0.072,0.572,False,1,1
HRUM,2010,0.005003770676195123,0.0030173996621090104,0.02664878305421445,0.6513597978589001,937.2722033898305,55807457.62711865,3292640000.0,58,Energy,Thermal Coal,9269732704256,9205369012224.0,9929.577,0.03585,0.02513,33.731,0.157,0.613,0.084,False,1,1
HRUM,2011,-0.0006711026665888245,0.0,0.026599422848864556,-0.25559313714211196,1198.4135627530366,32799261.133603238,8101417500.0,247,Energy,Thermal Coal,9269732704256,9205369012224.0,9929.577,0.03585,0.02513,33.731,0.157,0.613,0.084,False,1,1
HRUM,2012,-0.0002725895299986332,0.0,0.021944902336934156,-0.06485812606894847,957.6881300813008,35882998.1300813,8827217540.0,246,Energy,Thermal Coal,9269732704256,9205369012224.0,9929.577,0.03585,0.02513,33.731,0.157,0.613,0.084,False,1,1
HRUM,2013,-0.0030546623382645298,0.0,0.028069337563116588,-0.5551337653622332,626.5571721311476,33889918.50409836,8269140115.0,244,Energy,Thermal Coal,9269732704256,9205369012224.0,9929.577,0.03585,0.02513,33.731,0.157,0.613,0.084,False,1,1
HRUM,2014,-0.001914529251344252,-0.001037251783804205,0.020285250165730212,-0.3670381627828436,350.3262295081967,35661079.91803279,8701303500.0,244,Energy,Thermal Coal,9269732704256,9205369012224.0,9929.577,0.03585,0.02513,33.731,0.157,0.613,0.084,False,1,1
HRUM,2015,-0.0035422704131353603,0.0,0.01749600440627929,-0.606424734885002,196.22579591836734,4508559.183673469,1104597000.0,245,Energy,Thermal Coal,9269732704256,9205369012224.0,9929.577,0.03585,0.02513,33.731,0.157,0.613,0.084,False,1,1
HRUM,2016,0.0038021876064903495,0.0,0.03140554500217352,2.1470996873914556,199.699837398374,37221727.64227642,9156545000.0,246,Energy,Thermal Coal,9269732704256,9205369012224.0,9929.577,0.03585,0.02513,33.731,0.157,0.613,0.084,False,1,1
HRUM,2017,-0.00014017900317283793,0.0,0.02335730642582344,-0.042050659455879935,375.176062992126,23230368.11023622,5900513500.0,254,Energy,Thermal Coal,9269732704256,9205369012224.0,9929.577,0.03585,0.02513,33.731,0.157,0.613,0.084,False,1,1
HRUM,2018,-0.0010886790545851762,0.0,0.029964344457183757,-0.2601532346333314,442.80854406130265,20605191.570881225,5377955000.0,261,Energy,Thermal Coal,9269732704256,9205369012224.0,9929.577,0.03585,0.02513,33.731,0.157,0.613,0.084,False,1,1
HRUM,2019,-0.0003515672460875832,0.0,0.020306873127836154,-0.030522463598847582,263.97697674418606,14009988.372093024,3614577000.0,258,Energy,Thermal Coal,9269732704256,9205369012224.0,9929.577,0.03585,0.02513,33.731,0.157,0.613,0.084,False,1,1
HRUM,2020,0.002854846984424628,0.0,0.023534788463263373,1.2575696731186246,295.3542975206612,15102363.636363637,3654772000.0,242,Energy,Thermal Coal,9269732704256,9205369012224.0,9929.577,0.03585,0.02513,33.731,0.157,0.613,0.084,False,1,1
HRUM,2021,0.003042244502855351,0.0,0.037943696543719374,2.411102228092739,1189.386194331984,48158208.50202429,11895077500.0,247,Energy,Thermal Coal,9269732704256,9205369012224.0,9929.577,0.03585,0.02513,33.731,0.157,0.613,0.084,False,1,1
HRUM,2022,-0.0008896911381030848,0.0,0.03401905541201039,-0.18835642175405198,1843.780487804878,71078704.06504065,17485361200.0,246,Energy,Thermal Coal,9269732704256,9205369012224.0,9929.577,0.03585,0.02513,33.731,0.157,0.613,0.084,False,1,1
HRUM,2023,-0.0007775565057849009,0.0,0.023954416581446217,-0.17592592592592593,1552.071129707113,17382531.380753137,4154425000.0,239,Energy,Thermal Coal,9269732704256,9205369012224.0,9929.577,0.03585,0.02513,33.731,0.157,0.613,0.084,False,1,1
HRUM,2024,-0.0009526019312267775,0.0,0.026400001369260174,-0.25,1263.3333333333333,15973237.130801687,3785657200.0,237,Energy,Thermal Coal,9269732704256,9205369012224.0,9929.577,0.03585,0.02513,33.731,0.157,0.613,0.084,False,1,1
HRUM,2025,-0.00017885168714999638,0.0,0.02913155454858295,0.014150943396226356,916.6737288135594,29900129.237288136,7056430500.0,236,Energy,Thermal Coal,9269732704256,9205369012224.0,9929.577,0.03585,0.02513,33.731,0.157,0.613,0.084,False,1,1
HRUM,2026,-0.0032845121910739556,0.0,0.038279318534984674,-0.3561643835616438,989.017094017094,28839704.273504272,3374245400.0,117,Energy,Thermal Coal,9269732704256,9205369012224.0,9929.577,0.03585,0.02513,33.731,0.157,0.613,0.084,False,1,1
ICBP,2010,0.0009863957965099825,0.0,0.022071770400134267,0.2721146243598933,1593.854612244898,42164702.04081633,10330352000.0,244,Consumer Defensive,Packaged Foods,79300975919104,116887123918848.0,1.4525259,0.14631,0.07327,62.219,0.076,-0.031,-0.021,False,1,1
ICBP,2011,0.0005222278148509033,0.0,0.021968388819973553,0.12564154142360406,1913.807894736842,9687809.71659919,2392889000.0,247,Consumer Defensive,Packaged Foods,79300975919104,116887123918848.0,1.4525259,0.14631,0.07327,62.219,0.076,-0.031,-0.021,False,1,1
ICBP,2012,0.0017402765067804464,0.0,0.01892576276790072,0.5534613243148496,2344.924593495935,6246008.219512195,1536518022.0,246,Consumer Defensive,Packaged Foods,79300975919104,116887123918848.0,1.4525259,0.14631,0.07327,62.219,0.076,-0.031,-0.021,False,1,1
ICBP,2013,0.0011797660930515156,0.0,0.026106284424884094,0.2969286920732299,3978.4179918032787,7543307.516393443,1840567034.0,244,Consumer Defensive,Packaged Foods,79300975919104,116887123918848.0,1.4525259,0.14631,0.07327,62.219,0.076,-0.031,-0.021,False,1,1
ICBP,2014,0.0011097554294549994,0.0,0.01578351899411044,0.27702936349069507,4246.202254098361,6282550.0,1532942200.0,244,Consumer Defensive,Packaged Foods,79300975919104,116887123918848.0,1.4525259,0.14631,0.07327,62.219,0.076,-0.031,-0.021,False,1,1
ICBP,2015,0.00018163914232115927,-0.0017732450411802603,0.020109046730204364,0.04153044495819791,5349.196775510204,4900808.1632653065,1200698000.0,245,Consumer Defensive,Packaged Foods,79300975919104,116887123918848.0,1.4525259,0.14631,0.07327,62.219,0.076,-0.031,-0.021,False,1,1
ICBP,2016,0.0010456098745557486,0.0,0.019754682015869832,0.3199399719223508,6888.11162601626,4992771.951219512,1228221900.0,246,Consumer Defensive,Packaged Foods,79300975919104,116887123918848.0,1.4525259,0.14631,0.07327,62.219,0.076,-0.031,-0.021,False,1,1
ICBP,2017,0.00021930694468012333,0.0,0.012008900714639791,0.05728464303246095,7196.019173228346,4430964.566929134,1125465000.0,254,Consumer Defensive,Packaged Foods,79300975919104,116887123918848.0,1.4525259,0.14631,0.07327,62.219,0.076,-0.031,-0.021,False,1,1
ICBP,2018,0.0007107638969244623,0.0,0.015729784383604725,0.20383148816718832,7517.253103448276,4059267.4329501917,1059468800.0,261,Consumer Defensive,Packaged Foods,79300975919104,116887123918848.0,1.4525259,0.14631,0.07327,62.219,0.076,-0.031,-0.021,False,1,1
ICBP,2019,0.0003942341143363588,0.0,0.01330201460875174,0.08184390387707885,9274.2253307393,5474029.182879377,1406825500.0,257,Consumer Defensive,Packaged Foods,79300975919104,116887123918848.0,1.4525259,0.14631,0.07327,62.219,0.076,-0.031,-0.021,False,1,1
ICBP,2020,-0.0007110432999578316,0.0,0.022204406054160034,-0.121154411561326,8880.064628099173,9820526.859504132,2376567500.0,242,Consumer Defensive,Packaged Foods,79300975919104,116887123918848.0,1.4525259,0.14631,0.07327,62.219,0.076,-0.031,-0.021,False,1,1
ICBP,2021,-0.00028457323212979633,0.0,0.015044920093532154,-0.0678761513767564,7846.521174089069,6564106.882591093,1621334400.0,247,Consumer Defensive,Packaged Foods,79300975919104,116887123918848.0,1.4525259,0.14631,0.07327,62.219,0.076,-0.031,-0.021,False,1,1
ICBP,2022,0.0006655138819226087,0.0,0.01646649472174146,0.18812179680434116,8188.09593495935,7652033.739837399,1882400300.0,246,Consumer Defensive,Packaged Foods,79300975919104,116887123918848.0,1.4525259,0.14631,0.07327,62.219,0.076,-0.031,-0.021,False,1,1
ICBP,2023,0.00037198010952527096,0.0,0.014978211440985722,0.0593424662692581,10195.106317991633,6077299.163179916,1452474500.0,239,Consumer Defensive,Packaged Foods,79300975919104,116887123918848.0,1.4525259,0.14631,0.07327,62.219,0.076,-0.031,-0.021,False,1,1
ICBP,2024,0.00039141891597512283,0.0,0.01680049111353612,0.08901780689490191,10898.939915611814,5379832.067510549,1275020200.0,237,Consumer Defensive,Packaged Foods,79300975919104,116887123918848.0,1.4525259,0.14631,0.07327,62.219,0.076,-0.031,-0.021,False,1,1
ICBP,2025,-0.0012671248292570108,-0.002673841395075982,0.018141141792044544,-0.25188488515520646,9843.73,7463099.152542373,1761291400.0,236,Consumer Defensive,Packaged Foods,79300975919104,116887123918848.0,1.4525259,0.14631,0.07327,62.219,0.076,-0.031,-0.021,False,1,1
ICBP,2026,-0.001590572865630682,0.0,0.021454310275347322,-0.1578947368421053,7333.119658119658,7010866.666666667,820271400.0,117,Consumer Defensive,Packaged Foods,79300975919104,116887123918848.0,1.4525259,0.14631,0.07327,62.219,0.076,-0.031,-0.021,False,1,1
INDF,2010,0.0012643974679646334,0.0,0.02187798994422962,0.3613991833667105,2566.520693877551,21854289.763265304,5354300992.0,244,Consumer Defensive,Packaged Foods,57950815125504,123502489239552.0,0.7495327,0.13319,0.068909995,61.085,0.074,0.086,0.047,False,1,1
INDF,2011,0.00012896080326809599,0.0,0.021554624356502582,-0.050164928972799006,3246.064979757085,13528489.87854251,3341537000.0,247,Consumer Defensive,Packaged Foods,57950815125504,123502489239552.0,0.7495327,0.13319,0.068909995,61.085,0.074,0.086,0.047,False,1,1
INDF,2012,0.0011110894683099017,0.0,0.014567683850516374,0.3072274100045129,3298.0876422764227,11819544.715447154,2907608000.0,246,Consumer Defensive,Packaged Foods,57950815125504,123502489239552.0,0.7495327,0.13319,0.068909995,61.085,0.074,0.086,0.047,False,1,1
INDF,2013,0.0007054123760084916,0.0,0.023937075324775167,0.16772776579930637,4448.376270491804,11580739.754098361,2825700500.0,244,Consumer Defensive,Packaged Foods,57950815125504,123502489239552.0,0.7495327,0.13319,0.068909995,61.085,0.074,0.086,0.047,False,1,1
INDF,2014,0.000175491848023162,0.0,0.012442204754568524,0.028170987136876047,4621.43381147541,9306545.901639344,2270797200.0,244,Consumer Defensive,Packaged Foods,57950815125504,123502489239552.0,0.7495327,0.13319,0.068909995,61.085,0.074,0.086,0.047,False,1,1
INDF,2015,-0.0007828376263313856,0.0,0.024493303088215335,-0.282995050194926,4396.304204081633,9550869.795918368,2339963100.0,245,Consumer Defensive,Packaged Foods,57950815125504,123502489239552.0,0.7495327,0.13319,0.068909995,61.085,0.074,0.086,0.047,False,1,1
INDF,2016,0.0018558792736112775,0.0,0.020413923744859643,0.5305063881477625,5257.1591056910565,9889958.536585366,2432929800.0,246,Consumer Defensive,Packaged Foods,57950815125504,123502489239552.0,0.7495327,0.13319,0.068909995,61.085,0.074,0.086,0.047,False,1,1
INDF,2017,-4.154402018035442e-05,0.0,0.011166844132507854,-0.010496702175341821,5945.760511811023,7870690.94488189,1999155500.0,254,Consumer Defensive,Packaged Foods,57950815125504,123502489239552.0,0.7495327,0.13319,0.068909995,61.085,0.074,0.086,0.047,False,1,1
INDF,2018,8.58812442055722e-05,0.0,0.018490889118220902,0.022668108526187947,5043.301800766284,7264546.360153257,1896046600.0,261,Consumer Defensive,Packaged Foods,57950815125504,123502489239552.0,0.7495327,0.13319,0.068909995,61.085,0.074,0.086,0.047,False,1,1
INDF,2019,0.0004007610958690514,0.0,0.016772923821527536,0.09020148844798404,5669.385503875968,7972844.573643411,2056993900.0,258,Consumer Defensive,Packaged Foods,57950815125504,123502489239552.0,0.7495327,0.13319,0.068909995,61.085,0.074,0.086,0.047,False,1,1
INDF,2020,-0.000755573908374322,0.0,0.025284843978029676,-0.10402760069001726,5578.5086363636365,11687452.479338843,2828363500.0,242,Consumer Defensive,Packaged Foods,57950815125504,123502489239552.0,0.7495327,0.13319,0.068909995,61.085,0.074,0.086,0.047,False,1,1
INDF,2021,-0.00014516498853220722,0.0,0.015494344732831516,-0.03168505502205887,5338.788461538462,8997820.24291498,2222461600.0,247,Consumer Defensive,Packaged Foods,57950815125504,123502489239552.0,0.7495327,0.13319,0.068909995,61.085,0.074,0.086,0.047,False,1,1
INDF,2022,0.0004164483347715453,0.0,0.012611351483563588,0.12117198242362637,5642.686747967479,9599707.31707317,2361528000.0,246,Consumer Defensive,Packaged Foods,57950815125504,123502489239552.0,0.7495327,0.13319,0.068909995,61.085,0.074,0.086,0.047,False,1,1
INDF,2023,-2.781319354631771e-05,0.0,0.012263889882867121,-0.01395668102913572,6131.171673640168,8314181.171548117,1987089300.0,239,Consumer Defensive,Packaged Foods,57950815125504,123502489239552.0,0.7495327,0.13319,0.068909995,61.085,0.074,0.086,0.047,False,1,1
INDF,2024,0.0009331639625041464,0.0,0.013029216137286519,0.24752284252038503,6334.561729957805,9515619.409282701,2255201800.0,237,Consumer Defensive,Packaged Foods,57950815125504,123502489239552.0,0.7495327,0.13319,0.068909995,61.085,0.074,0.086,0.047,False,1,1
INDF,2025,-0.0003759783577941037,0.0,0.019229664408978327,-0.061603155783571784,7452.7048305084745,8097934.322033898,1911112500.0,236,Consumer Defensive,Packaged Foods,57950815125504,123502489239552.0,0.7495327,0.13319,0.068909995,61.085,0.074,0.086,0.047,False,1,1
INDF,2026,-0.0002236728011400432,0.0,0.01872142264647766,-0.011235955056179803,6645.51282051282,15822927.35042735,1851282500.0,117,Consumer Defensive,Packaged Foods,57950815125504,123502489239552.0,0.7495327,0.13319,0.068909995,61.085,0.074,0.086,0.047,False,1,1
INDS,2010,0.005003770676195123,0.0,0.0427856601823466,3.670578469783669,29.08734693877551,319576.1632653061,78296160.0,244,Consumer Cyclical,Auto Parts,1601249214464,2023182172160.0,0.4722751,0.0214,0.01878,8.32,0.097,,1.905,False,1,1
INDS,2011,-0.00048506861667902193,0.0,0.039057832617434556,0.18278032036613268,87.09425101214575,19735362.016194332,4874634418.0,247,Consumer Cyclical,Auto Parts,1601249214464,2023182172160.0,0.4722751,0.0214,0.01878,8.32,0.097,,1.905,False,1,1
INDS,2012,0.002001198825990997,0.0,0.02778419375549076,0.7118844696969697,125.8338617886179,6563910.577235772,1614722002.0,246,Consumer Cyclical,Auto Parts,1601249214464,2023182172160.0,0.4722751,0.0214,0.01878,8.32,0.097,,1.905,False,1,1
INDS,2013,-0.00022880872667314182,0.0,0.022888562119578192,-0.048541004010510425,140.42098360655737,1272517.5450819673,310494281.0,244,Consumer Cyclical,Auto Parts,1601249214464,2023182172160.0,0.4722751,0.0214,0.01878,8.32,0.097,,1.905,False,1,1
INDS,2014,0.0007066717560861161,0.0,0.012600947849655595,0.6561032863849765,181.16963114754097,149149.59016393442,36392500.0,244,Consumer Cyclical,Auto Parts,1601249214464,2023182172160.0,0.4722751,0.0214,0.01878,8.32,0.097,,1.905,False,1,1
INDS,2015,6.741911660655351e-05,0.0,0.001055276094006671,0.01665485471296968,227.6937142857143,0.0,0.0,245,Consumer Cyclical,Auto Parts,1601249214464,2023182172160.0,0.4722751,0.0214,0.01878,8.32,0.097,,1.905,False,1,1
INDS,2016,-0.0011566236988455713,0.0,0.0270550171358843,-0.6683060732428538,124.67727642276424,6925825.203252032,1703753000.0,246,Consumer Cyclical,Auto Parts,1601249214464,2023182172160.0,0.4722751,0.0214,0.01878,8.32,0.097,,1.905,False,1,1
INDS,2017,0.0016576826702406405,0.0,0.02319058789929901,0.6475691306705222,71.09602362204724,3683692.9133858266,935658000.0,254,Consumer Cyclical,Auto Parts,1601249214464,2023182172160.0,0.4722751,0.0214,0.01878,8.32,0.097,,1.905,False,1,1
INDS,2018,0.0026318137505362835,0.0,0.02453171208002667,0.8475208424747696,145.59291187739464,4182287.356321839,1091577000.0,261,Consumer Cyclical,Auto Parts,1601249214464,2023182172160.0,0.4722751,0.0214,0.01878,8.32,0.097,,1.905,False,1,1
INDS,2019,0.0007021847656810686,0.0,0.018126231494596436,0.07991924949530937,178.56763565891472,9184624.031007752,2369633000.0,258,Consumer Cyclical,Auto Parts,1601249214464,2023182172160.0,0.4722751,0.0214,0.01878,8.32,0.097,,1.905,False,1,1
INDS,2020,-0.0008275501746627515,0.0,0.030988180974844976,-0.049606253951830714,156.61095041322312,227004.13223140495,54935000.0,242,Consumer Cyclical,Auto Parts,1601249214464,2023182172160.0,0.4722751,0.0214,0.01878,8.32,0.097,,1.905,False,1,1
INDS,2021,0.00044824710737000057,0.0,0.01887641524548003,0.31724754244861497,162.92493927125506,87396.76113360324,21587000.0,247,Consumer Cyclical,Auto Parts,1601249214464,2023182172160.0,0.4722751,0.0214,0.01878,8.32,0.097,,1.905,False,1,1
INDS,2022,-0.0006966334907541891,0.0,0.017451161735079785,-0.09701880128804397,186.2219918699187,96808.94308943089,23815000.0,246,Consumer Cyclical,Auto Parts,1601249214464,2023182172160.0,0.4722751,0.0214,0.01878,8.32,0.097,,1.905,False,1,1
INDS,2023,0.0012445437132039751,0.0,0.023750393360008018,0.3191368540601931,220.90895397489538,589393.3054393305,140865000.0,239,Consumer Cyclical,Auto Parts,1601249214464,2023182172160.0,0.4722751,0.0214,0.01878,8.32,0.097,,1.905,False,1,1
INDS,2024,-0.0008161163268856714,0.0,0.02240133765782582,0.01622901420576839,251.78206751054853,839654.8523206752,198998200.0,237,Consumer Cyclical,Auto Parts,1601249214464,2023182172160.0,0.4722751,0.0214,0.01878,8.32,0.097,,1.905,False,1,1
INDS,2025,-0.0004284963914028871,0.0,0.023740367906884358,-0.042656839073156205,225.71669491525424,407286.0169491525,96119500.0,236,Consumer Cyclical,Auto Parts,1601249214464,2023182172160.0,0.4722751,0.0214,0.01878,8.32,0.097,,1.905,False,1,1
INDS,2026,0.0003938260145914744,0.0,0.043190001480994805,0.07964601769911495,608.4444444444445,25666300.854700856,3002957200.0,117,Consumer Cyclical,Auto Parts,1601249214464,2023182172160.0,0.4722751,0.0214,0.01878,8.32,0.097,,1.905,False,1,1
INDY,2010,0.003132167312363985,0.0,0.02509588280249179,1.202983086748612,1758.7716326530613,18197887.755102042,4458482500.0,244,Energy,Thermal Coal,9364845887488,9469631135744.0,7826.087,0.02249,0.02681,82.305,0.007,1.424,0.37,False,1,1
INDY,2011,-0.0028162455965872373,0.0,0.026708062630427656,-0.5704895685358833,2017.5023481781377,10935020.24291498,2700950000.0,247,Energy,Thermal Coal,9364845887488,9469631135744.0,7826.087,0.02249,0.02681,82.305,0.007,1.424,0.37,False,1,1
INDY,2012,-0.0014454685145371075,0.0,0.02449109385338977,-0.31043549580264385,1154.0685772357724,9183849.630081302,2259227009.0,246,Energy,Thermal Coal,9364845887488,9469631135744.0,7826.087,0.02249,0.02681,82.305,0.007,1.424,0.37,False,1,1
INDY,2013,-0.0034287354195600777,0.0,0.02789757660822255,-0.6043600236247046,599.1629918032786,11771916.05737705,2872347518.0,244,Energy,Thermal Coal,9364845887488,9469631135744.0,7826.087,0.02249,0.02681,82.305,0.007,1.424,0.37,False,1,1
INDY,2014,-0.0007042503799847472,0.0,0.02285904671515835,-0.14999475726119327,400.15483606557376,5466348.770491803,1333789100.0,244,Energy,Thermal Coal,9364845887488,9469631135744.0,7826.087,0.02249,0.02681,82.305,0.007,1.424,0.37,False,1,1
INDY,2015,-0.0054876681926763924,-0.004093148894100729,0.02396615006950084,-0.6683060732428538,200.25102040816327,3000113.4693877553,735027800.0,245,Energy,Thermal Coal,9364845887488,9469631135744.0,7826.087,0.02249,0.02681,82.305,0.007,1.424,0.37,False,1,1
INDY,2016,0.004304932868672325,0.0,0.03937784141719787,3.670578469783669,327.76174796747966,27163541.475609757,6682231203.0,246,Energy,Thermal Coal,9364845887488,9469631135744.0,7826.087,0.02249,0.02681,82.305,0.007,1.424,0.37,False,1,1
INDY,2017,0.005003770676195123,0.0,0.03285993688931088,3.340464929502052,857.1397637795276,41697854.33070866,10591255000.0,254,Energy,Thermal Coal,9364845887488,9469631135744.0,7826.087,0.02249,0.02681,82.305,0.007,1.424,0.37,False,1,1
INDY,2018,-0.0021019381341165207,0.0,0.03025114049667435,-0.4507162425407464,2117.042835249042,15431970.881226053,4027744400.0,261,Energy,Thermal Coal,9364845887488,9469631135744.0,7826.087,0.02249,0.02681,82.305,0.007,1.424,0.37,False,1,1
INDY,2019,-0.0015908408643485615,-0.0037181794029859105,0.028695245308678174,-0.19392328782505364,1102.323023255814,14039236.821705427,3622123100.0,258,Energy,Thermal Coal,9364845887488,9469631135744.0,7826.087,0.02249,0.02681,82.305,0.007,1.424,0.37,False,1,1
INDY,2020,0.0004277632890553682,0.0,0.03747375442640743,0.6114302092290054,753.9994628099173,20045695.454545453,4851058300.0,242,Energy,Thermal Coal,9364845887488,9469631135744.0,7826.087,0.02249,0.02681,82.305,0.007,1.424,0.37,False,1,1
INDY,2021,-0.0010578180343268485,-0.0028760486225971604,0.03274459895203891,-0.10693882197258053,1251.281862348178,32116532.388663966,7932783500.0,247,Energy,Thermal Coal,9364845887488,9469631135744.0,7826.087,0.02249,0.02681,82.305,0.007,1.424,0.37,False,1,1
INDY,2022,0.0017042658839751528,0.0,0.030580515108824525,0.9285791770625589,2175.5580081300814,32300712.601626016,7945975300.0,246,Energy,Thermal Coal,9364845887488,9469631135744.0,7826.087,0.02249,0.02681,82.305,0.007,1.424,0.37,False,1,1
INDY,2023,-0.0020418781184731124,-0.0026053620310468872,0.025389910195777236,-0.42022043496386874,1837.2996234309624,10622488.284518829,2538774700.0,239,Energy,Thermal Coal,9364845887488,9469631135744.0,7826.087,0.02249,0.02681,82.305,0.007,1.424,0.37,False,1,1
INDY,2024,0.00045153011482673347,0.0,0.02481810016560459,0.04886523822948985,1404.4805907172997,9922517.721518988,2351636700.0,237,Energy,Thermal Coal,9364845887488,9469631135744.0,7826.087,0.02249,0.02681,82.305,0.007,1.424,0.37,False,1,1
INDY,2025,0.0003121969196390371,-0.001261788760180238,0.034771136943982484,0.49833011900841995,1645.031906779661,27619046.610169493,6518095000.0,236,Energy,Thermal Coal,9364845887488,9469631135744.0,7826.087,0.02249,0.02681,82.305,0.007,1.424,0.37,False,1,1
INDY,2026,-0.0003145522347770603,0.0,0.04260185905686542,-0.1998613092936109,3114.5077777777774,32694902.564102564,3825303600.0,117,Energy,Thermal Coal,9364845887488,9469631135744.0,7826.087,0.02249,0.02681,82.305,0.007,1.424,0.37,False,1,1
INKP,2010,-0.0005319493589126211,0.0,0.02541928219407437,-0.08888931896034535,1738.0988979591837,5497269.3877551025,1346831000.0,244,Basic Materials,Paper & Paper Products,38296881201152,38708581498880.0,5473.0254,0.06929,0.03674,68.492,0.043,0.114,0.284,False,1,1
INKP,2011,-0.0008383774340148759,0.0,0.022257296012094026,-0.2545409761075337,1166.1896761133603,2559417.004048583,632176000.0,247,Basic Materials,Paper & Paper Products,38296881201152,38708581498880.0,5473.0254,0.06929,0.03674,68.492,0.043,0.114,0.284,False,1,1
INKP,2012,-0.00216961540594945,0.0,0.019823849937922033,-0.44261592933830807,939.5663821138211,1644563.0447154471,404562509.0,246,Basic Materials,Paper & Paper Products,38296881201152,38708581498880.0,5473.0254,0.06929,0.03674,68.492,0.043,0.114,0.284,False,1,1
INKP,2013,0.0015570098694682782,0.0,0.03437237105968979,0.9444560922506253,991.5968852459017,8702832.18442623,2123491053.0,244,Basic Materials,Paper & Paper Products,38296881201152,38708581498880.0,5473.0254,0.06929,0.03674,68.492,0.043,0.114,0.284,False,1,1
INKP,2014,-0.0008973728896341795,0.0,0.01917394629845145,-0.24622203323302372,1107.1413114754098,1896843.4426229508,462829800.0,244,Basic Materials,Paper & Paper Products,38296881201152,38708581498880.0,5473.0254,0.06929,0.03674,68.492,0.043,0.114,0.284,False,1,1
INKP,2015,-0.0008893847688958204,0.0,0.02226365676598221,-0.10729671235700289,841.5024081632653,1034762.8571428572,253516900.0,245,Basic Materials,Paper & Paper Products,38296881201152,38708581498880.0,5473.0254,0.06929,0.03674,68.492,0.043,0.114,0.284,False,1,1
INKP,2016,5.5998371789945e-05,0.0,0.018279312541311973,0.05556543490889254,881.9866260162602,1870022.7764227642,460025603.0,246,Basic Materials,Paper & Paper Products,38296881201152,38708581498880.0,5473.0254,0.06929,0.03674,68.492,0.043,0.114,0.284,False,1,1
INKP,2017,0.005003770676195123,0.0022880022265461264,0.02811088043197169,3.670578469783669,2720.972440944882,5875303.1496063,1492327000.0,254,Basic Materials,Paper & Paper Products,38296881201152,38708581498880.0,5473.0254,0.06929,0.03674,68.492,0.043,0.114,0.284,False,1,1
INKP,2018,0.004033192580425712,0.0,0.033171681936346474,1.151714103061893,13070.792107279694,9997195.785440613,2609268100.0,261,Basic Materials,Paper & Paper Products,38296881201152,38708581498880.0,5473.0254,0.06929,0.03674,68.492,0.043,0.114,0.284,False,1,1
INKP,2019,-0.0026030375584452734,-0.0035768787144832004,0.03373863711450231,-0.32530088639135013,8063.244163424125,7854978.9883268485,2018729600.0,257,Basic Materials,Paper & Paper Products,38296881201152,38708581498880.0,5473.0254,0.06929,0.03674,68.492,0.043,0.114,0.284,False,1,1
INKP,2020,0.0004281206831733781,-0.0029115726164210542,0.03800653045297085,0.37468422115159017,7129.911404958678,8498434.710743802,2056621200.0,242,Basic Materials,Paper & Paper Products,38296881201152,38708581498880.0,5473.0254,0.06929,0.03674,68.492,0.043,0.114,0.284,False,1,1
INKP,2021,-0.0014577628433865431,-0.002937141614699712,0.03156692307378639,-0.2759342296255852,9053.442186234819,9199668.825910931,2272318200.0,247,Basic Materials,Paper & Paper Products,38296881201152,38708581498880.0,5473.0254,0.06929,0.03674,68.492,0.043,0.114,0.284,False,1,1
INKP,2022,0.0004433032157112363,0.0,0.02052703054123164,0.08410981295957409,8188.3976829268295,6789982.520325203,1670335700.0,246,Basic Materials,Paper & Paper Products,38296881201152,38708581498880.0,5473.0254,0.06929,0.03674,68.492,0.043,0.114,0.284,False,1,1
INKP,2023,0.00018716701462333002,-0.0028372791834847533,0.022777291082047405,-0.03368156573892356,8464.257656903766,7274038.075313807,1738495100.0,239,Basic Materials,Paper & Paper Products,38296881201152,38708581498880.0,5473.0254,0.06929,0.03674,68.492,0.043,0.114,0.284,False,1,1
INKP,2024,-0.0008245277971183574,-0.0026147466369366157,0.019743349256633447,-0.18104094412623994,8277.202109704642,5494666.666666667,1302236000.0,237,Basic Materials,Paper & Paper Products,38296881201152,38708581498880.0,5473.0254,0.06929,0.03674,68.492,0.043,0.114,0.284,False,1,1
INKP,2025,0.001411674371768445,0.0,0.02898572964674598,0.256203428105261,6649.377754237288,8929445.338983051,2107349100.0,236,Basic Materials,Paper & Paper Products,38296881201152,38708581498880.0,5473.0254,0.06929,0.03674,68.492,0.043,0.114,0.284,False,1,1
INKP,2026,-0.0012576905240811662,-0.002478316014466131,0.033031485102734355,-0.20227920227920226,9149.786324786324,10550707.692307692,1234432800.0,117,Basic Materials,Paper & Paper Products,38296881201152,38708581498880.0,5473.0254,0.06929,0.03674,68.492,0.043,0.114,0.284,False,1,1
INRU,2010,0.00392111620503354,0.0,0.0411331332759241,2.2857142857142856,439.22857142857146,154746.9387755102,37913000.0,244,Basic Materials,Paper & Paper Products,819441172480,819785236480.0,42142.855,-1.64614,-0.01929,4196.38,-0.403,,0.234,False,1,1
INRU,2011,0.002115950285167425,0.0,0.02641036600832571,0.9420289855072463,953.1174089068826,116625.5060728745,28806500.0,247,Basic Materials,Paper & Paper Products,819441172480,819785236480.0,42142.855,-1.64614,-0.01929,4196.38,-0.403,,0.234,False,1,1
INRU,2012,0.0003185060501562483,0.0,0.0147014781658418,0.04477611940298498,1246.5853658536585,60825.20731707317,14963001.0,246,Basic Materials,Paper & Paper Products,819441172480,819785236480.0,42142.855,-1.64614,-0.01929,4196.38,-0.403,,0.234,False,1,1
INRU,2013,0.0010436214808798227,0.0,0.020182584764987237,-0.2142857142857143,1012.6229508196722,9944.672131147541,2426500.0,244,Basic Materials,Paper & Paper Products,819441172480,819785236480.0,42142.855,-1.64614,-0.01929,4196.38,-0.403,,0.234,False,1,1
INRU,2014,0.0005293203231478913,0.0,0.02015719065906963,0.045454545454545414,1012.1516393442623,12879.508196721312,3142600.0,244,Basic Materials,Paper & Paper Products,819441172480,819785236480.0,42142.855,-1.64614,-0.01929,4196.38,-0.403,,0.234,False,1,1
INRU,2015,-0.0022900471763367632,0.0,0.01890045861501248,-0.6683060732428538,499.46938775510205,6424.897959183673,1574100.0,245,Basic Materials,Paper & Paper Products,819441172480,819785236480.0,42142.855,-1.64614,-0.01929,4196.38,-0.403,,0.234,False,1,1
INRU,2016,-0.00045739579605512886,0.0,0.03695794501544472,-0.0625,353.4918699186992,8603.670731707318,2116503.0,246,Basic Materials,Paper & Paper Products,819441172480,819785236480.0,42142.855,-1.64614,-0.01929,4196.38,-0.403,,0.234,False,1,1
INRU,2017,-0.00022309432065955616,0.0,0.035963709238965934,-0.046666666666666634,332.37795275590554,65888.97637795276,16735800.0,254,Basic Materials,Paper & Paper Products,819441172480,819785236480.0,42142.855,-1.64614,-0.01929,4196.38,-0.403,,0.234,False,1,1
INRU,2018,0.0006284831845832833,0.0,0.03313582593156107,0.8356643356643356,700.8773946360153,73179.31034482758,19099800.0,261,Basic Materials,Paper & Paper Products,819441172480,819785236480.0,42142.855,-1.64614,-0.01929,4196.38,-0.403,,0.234,False,1,1
INRU,2019,0.0013400269536023523,0.0,0.026341282762416925,0.5047619047619047,726.0852713178294,20279.84496124031,5232200.0,258,Basic Materials,Paper & Paper Products,819441172480,819785236480.0,42142.855,-1.64614,-0.01929,4196.38,-0.403,,0.234,False,1,1
INRU,2020,0.00028611712943958406,0.0,0.026133022953066687,0.35443037974683533,847.9132231404959,7630.578512396694,1846600.0,242,Basic Materials,Paper & Paper Products,819441172480,819785236480.0,42142.855,-1.64614,-0.01929,4196.38,-0.403,,0.234,False,1,1
INRU,2021,-0.002690292409811396,0.0,0.03335972491591033,-0.35046728971962615,814.5951417004048,10374.8987854251,2562600.0,247,Basic Materials,Paper & Paper Products,819441172480,819785236480.0,42142.855,-1.64614,-0.01929,4196.38,-0.403,,0.234,False,1,1
INRU,2022,-0.002132158813412089,0.0,0.034324769924453664,-0.10204081632653061,666.1382113821138,33565.44715447154,8257100.0,246,Basic Materials,Paper & Paper Products,819441172480,819785236480.0,42142.855,-1.64614,-0.01929,4196.38,-0.403,,0.234,False,1,1
INRU,2023,0.0005337845499778687,0.0,0.031579242508800606,0.5384615384615385,878.3891213389121,25856.90376569038,6179800.0,239,Basic Materials,Paper & Paper Products,819441172480,819785236480.0,42142.855,-1.64614,-0.01929,4196.38,-0.403,,0.234,False,1,1
INRU,2024,-0.0012125306013631685,0.0,0.027350059812730605,-0.54,538.3755274261604,61030.80168776371,14464300.0,237,Basic Materials,Paper & Paper Products,819441172480,819785236480.0,42142.855,-1.64614,-0.01929,4196.38,-0.403,,0.234,False,1,1
INRU,2025,-0.0011736123816826277,0.0,0.037172870205915885,0.21399176954732502,641.771186440678,180370.7627118644,42567500.0,236,Basic Materials,Paper & Paper Products,819441172480,819785236480.0,42142.855,-1.64614,-0.01929,4196.38,-0.403,,0.234,False,1,1
INRU,2026,0.0,0.0,0.0,0.0,590.0,0.0,0.0,119,Basic Materials,Paper & Paper Products,819441172480,819785236480.0,42142.855,-1.64614,-0.01929,4196.38,-0.403,,0.234,False,1,1
ISAT,2010,0.0006824646804800386,0.0,0.022195583229053635,0.18118879182296532,917.0396326530612,11938107.297959184,2924836288.0,244,Communication Services,Telecom Services,57890203238400,108208697901056.0,1.5309769,0.15026,0.058530003,133.421,0.121,0.138,-0.245,False,1,1
ISAT,2011,0.00023534270878360446,0.0,0.02199832904756463,0.04859351241763821,916.1897570850202,8313255.060728745,2053374000.0,247,Communication Services,Telecom Services,57890203238400,108208697901056.0,1.5309769,0.15026,0.058530003,133.421,0.121,0.138,-0.245,False,1,1
ISAT,2012,0.0007043370052481156,0.0,0.023991391292427784,0.17524662948174785,935.0537398373983,8511593.69105691,2093852048.0,246,Communication Services,Telecom Services,57890203238400,108208697901056.0,1.5309769,0.15026,0.058530003,133.421,0.121,0.138,-0.245,False,1,1
ISAT,2013,-0.0017189051321964705,0.0,0.024422371698457925,-0.3515335938310453,940.1267213114754,10208912.524590164,2490974656.0,244,Communication Services,Telecom Services,57890203238400,108208697901056.0,1.5309769,0.15026,0.058530003,133.421,0.121,0.138,-0.245,False,1,1
ISAT,2014,-0.00018645775553305786,-0.0012107452716496603,0.016667450169036487,-0.029934803349941697,704.3006147540984,5738132.786885246,1400104400.0,244,Communication Services,Telecom Services,57890203238400,108208697901056.0,1.5309769,0.15026,0.058530003,133.421,0.121,0.138,-0.245,False,1,1
ISAT,2015,0.0012490988741623245,0.0,0.019181589922932812,0.33495367261984677,762.1957142857143,2143714.285714286,525210000.0,245,Communication Services,Telecom Services,57890203238400,108208697901056.0,1.5309769,0.15026,0.058530003,133.421,0.121,0.138,-0.245,False,1,1
ISAT,2016,0.0006476734629501668,0.0,0.01836889734318639,0.21126014275176352,1109.029512195122,1898849.105691057,467116880.0,246,Communication Services,Telecom Services,57890203238400,108208697901056.0,1.5309769,0.15026,0.058530003,133.421,0.121,0.138,-0.245,False,1,1
ISAT,2017,-0.0011208611075701532,0.0,0.015221344741724506,-0.24775914568769564,1153.78468503937,1862354.3307086613,473038000.0,254,Communication Services,Telecom Services,57890203238400,108208697901056.0,1.5309769,0.15026,0.058530003,133.421,0.121,0.138,-0.245,False,1,1
ISAT,2018,-0.003493529897988362,-0.0020932115551914876,0.021288184500797135,-0.6409692132269099,680.3398467432951,3593131.0344827585,937807200.0,261,Communication Services,Telecom Services,57890203238400,108208697901056.0,1.5309769,0.15026,0.058530003,133.421,0.121,0.138,-0.245,False,1,1
ISAT,2019,0.000677121884861308,0.0,0.03643229165970059,0.7269984438022039,529.0218992248061,37824336.434108526,9758678800.0,258,Communication Services,Telecom Services,57890203238400,108208697901056.0,1.5309769,0.15026,0.058530003,133.421,0.121,0.138,-0.245,False,1,1
ISAT,2020,0.00031066858443041146,-0.002865840939272779,0.03855583381013551,0.759579347765285,434.5388429752066,38769603.30578513,9382244000.0,242,Communication Services,Telecom Services,57890203238400,108208697901056.0,1.5309769,0.15026,0.058530003,133.421,0.121,0.138,-0.245,False,1,1
ISAT,2021,0.0010624705739760896,0.0,0.03134111075556125,0.19070333908454273,1198.0396761133602,23212220.24291498,5733418400.0,247,Communication Services,Telecom Services,57890203238400,108208697901056.0,1.5309769,0.15026,0.058530003,133.421,0.121,0.138,-0.245,False,1,1
ISAT,2022,-0.0003137384124069625,0.0,0.025310768419202274,-0.004621078999513806,1317.4058536585367,22783973.983739838,5604857600.0,246,Communication Services,Telecom Services,57890203238400,108208697901056.0,1.5309769,0.15026,0.058530003,133.421,0.121,0.138,-0.245,False,1,1
ISAT,2023,0.001933687182360669,0.0,0.018859442755851115,0.607888577499923,1836.9697489539749,22099976.569037657,5281894400.0,239,Communication Services,Telecom Services,57890203238400,108208697901056.0,1.5309769,0.15026,0.058530003,133.421,0.121,0.138,-0.245,False,1,1
ISAT,2024,0.000350949034604423,0.0,0.024136774770016956,0.08673188437025647,2359.586877637131,18571673.417721517,4401486600.0,237,Communication Services,Telecom Services,57890203238400,108208697901056.0,1.5309769,0.15026,0.058530003,133.421,0.121,0.138,-0.245,False,1,1
ISAT,2025,0.0010468400269496442,0.0,0.031142563498309336,0.015302960041505775,1881.330974576271,19810017.79661017,4675164200.0,236,Communication Services,Telecom Services,57890203238400,108208697901056.0,1.5309769,0.15026,0.058530003,133.421,0.121,0.138,-0.245,False,1,1
ISAT,2026,-0.0009992263167063215,0.0,0.029075386093718927,-0.20203425695830568,2035.6105982905983,20423635.897435896,2389565400.0,117,Communication Services,Telecom Services,57890203238400,108208697901056.0,1.5309769,0.15026,0.058530003,133.421,0.121,0.138,-0.245,False,1,1
ITMG,2010,0.0020717363525078712,0.0012969419443384922,0.023747992218026585,0.6682338645067063,6588.335387755102,1460959.1836734693,357935000.0,244,Energy,Thermal Coal,24917995159552,24554801987584.0,12994.186,0.093839996,0.064770006,4.237,0.031,-0.149,-0.7,False,1,1
ITMG,2011,-0.0006184084983846768,-0.0010713634277905726,0.02507722227663885,-0.26076895405711586,7844.60016194332,1848524.2914979758,456585500.0,247,Energy,Thermal Coal,24917995159552,24554801987584.0,12994.186,0.093839996,0.064770006,4.237,0.031,-0.149,-0.7,False,1,1
ITMG,2012,0.0008876343530792644,0.0,0.01792316216268739,0.1942200341816529,7381.303130081301,1338380.081300813,329241500.0,246,Energy,Thermal Coal,24917995159552,24554801987584.0,12994.186,0.093839996,0.064770006,4.237,0.031,-0.149,-0.7,False,1,1
ITMG,2013,-0.001340013760068133,0.0,0.025984180584868045,-0.2731595165872214,6643.010573770493,1033276.6393442623,252119500.0,244,Energy,Thermal Coal,24917995159552,24554801987584.0,12994.186,0.093839996,0.064770006,4.237,0.031,-0.149,-0.7,False,1,1
ITMG,2014,-0.0019430636458184281,0.0,0.022254416318977625,-0.40114385534680985,5421.626680327869,1625496.7213114754,396621200.0,244,Energy,Thermal Coal,24917995159552,24554801987584.0,12994.186,0.093839996,0.064770006,4.237,0.031,-0.149,-0.7,False,1,1
ITMG,2015,-0.0034754100928206747,-0.003325732759426714,0.027728394823656466,-0.5973973843658633,2916.2815918367346,1599748.9795918367,391938500.0,245,Energy,Thermal Coal,24917995159552,24554801987584.0,12994.186,0.093839996,0.064770006,4.237,0.031,-0.149,-0.7,False,1,1
ITMG,2016,0.004304941519992388,0.0,0.029351966899105904,2.0544994004392287,2664.6986991869917,1869426.8292682928,459879000.0,246,Energy,Thermal Coal,24917995159552,24554801987584.0,12994.186,0.093839996,0.064770006,4.237,0.031,-0.149,-0.7,False,1,1
ITMG,2017,0.001235620521597469,0.0,0.02279934240008242,0.3747970958237028,5315.296102362205,1418997.2440944882,360425300.0,254,Energy,Thermal Coal,24917995159552,24554801987584.0,12994.186,0.093839996,0.064770006,4.237,0.031,-0.149,-0.7,False,1,1
ITMG,2018,0.00045762263786825385,0.0,0.02780665321618827,0.10598294711681144,8162.148620689655,1666987.7394636015,435083800.0,261,Energy,Thermal Coal,24917995159552,24554801987584.0,12994.186,0.093839996,0.064770006,4.237,0.031,-0.149,-0.7,False,1,1
ITMG,2019,-0.0016433070133548481,-0.0011080212555656388,0.02202366111692646,-0.34555858547764784,6143.343914728682,1573312.7906976745,405914700.0,258,Energy,Thermal Coal,24917995159552,24554801987584.0,12994.186,0.093839996,0.064770006,4.237,0.031,-0.149,-0.7,False,1,1
ITMG,2020,0.00081974619252778,0.0,0.031549774392401274,0.35191476012279566,3795.3153305785127,3632714.876033058,879117000.0,242,Energy,Thermal Coal,24917995159552,24554801987584.0,12994.186,0.093839996,0.064770006,4.237,0.031,-0.149,-0.7,False,1,1
ITMG,2021,0.0015787749044111727,-0.0014769560821115135,0.02762923717691166,0.6031227348483958,7196.362186234817,3793407.6923076925,936971700.0,247,Energy,Thermal Coal,24917995159552,24554801987584.0,12994.186,0.093839996,0.064770006,4.237,0.031,-0.149,-0.7,False,1,1
ITMG,2022,0.0033997135071197806,0.0020102754966382363,0.02510277968704848,1.4761437926315275,17739.796910569105,4304064.634146341,1058799900.0,246,Energy,Thermal Coal,24917995159552,24554801987584.0,12994.186,0.093839996,0.064770006,4.237,0.031,-0.149,-0.7,False,1,1
ITMG,2023,-0.0006893516680644996,0.0009837351565114005,0.022314913969248937,-0.15792904613784797,19955.074853556485,2194390.7949790796,524459400.0,239,Energy,Thermal Coal,24917995159552,24554801987584.0,12994.186,0.093839996,0.064770006,4.237,0.031,-0.149,-0.7,False,1,1
ITMG,2024,0.0006420140303949739,0.0,0.013496466756288858,0.13233764612888455,21077.66464135021,1446096.6244725739,342724900.0,237,Energy,Thermal Coal,24917995159552,24554801987584.0,12994.186,0.093839996,0.064770006,4.237,0.031,-0.149,-0.7,False,1,1
ITMG,2025,-0.00030492704855696637,0.0,0.01228960403593737,-0.05076957185101372,20972.36851694915,1487594.4915254237,351072300.0,236,Energy,Thermal Coal,24917995159552,24554801987584.0,12994.186,0.093839996,0.064770006,4.237,0.031,-0.149,-0.7,False,1,1
ITMG,2026,0.0005271671478610735,0.0,0.02327136076964328,0.0559138260931189,23499.734102564104,2930072.6495726495,342818500.0,117,Energy,Thermal Coal,24917995159552,24554801987584.0,12994.186,0.093839996,0.064770006,4.237,0.031,-0.149,-0.7,False,1,1
JSMR,2010,0.002639094298803552,0.0,0.018907830343211147,0.9293340407439441,1897.4046938775512,10569108.791836735,2589431654.0,244,Industrials,Infrastructure Operations,19160780242944,115553679179776.0,0.5168152,0.07721,0.03926,118.716,-0.081,-0.165,0.148,False,1,1
JSMR,2011,0.001148276784072697,0.0,0.0178159718472579,0.21837781258745337,2838.63943319838,7921297.319838056,1956560438.0,247,Industrials,Infrastructure Operations,19160780242944,115553679179776.0,0.5168152,0.07721,0.03926,118.716,-0.081,-0.165,0.148,False,1,1
JSMR,2012,0.0011218123407346215,0.0,0.01494212197026384,0.3178028416056893,4265.794471544716,8721124.662601626,2145396667.0,246,Industrials,Infrastructure Operations,19160780242944,115553679179776.0,0.5168152,0.07721,0.03926,118.716,-0.081,-0.165,0.148,False,1,1
JSMR,2013,-0.00040677216803945465,0.0,0.021098201605170237,-0.13659511377554312,4726.71381147541,8300621.631147541,2025351678.0,244,Industrials,Infrastructure Operations,19160780242944,115553679179776.0,0.5168152,0.07721,0.03926,118.716,-0.081,-0.165,0.148,False,1,1
JSMR,2014,0.001692722761397414,0.0,0.01446269560789884,0.5113818333479221,5024.045204918033,7225053.159836066,1762912971.0,244,Industrials,Infrastructure Operations,19160780242944,115553679179776.0,0.5168152,0.07721,0.03926,118.716,-0.081,-0.165,0.148,False,1,1
JSMR,2015,-0.0011338055193019381,0.0,0.021178545203334734,-0.2565203712975116,5007.385510204082,6372295.069387755,1561212292.0,245,Industrials,Infrastructure Operations,19160780242944,115553679179776.0,0.5168152,0.07721,0.03926,118.716,-0.081,-0.165,0.148,False,1,1
JSMR,2016,-0.0007356619094252983,0.0,0.018198011726952325,-0.1314431160671622,4333.430731707317,7744726.130081301,1905202628.0,246,Industrials,Infrastructure Operations,19160780242944,115553679179776.0,0.5168152,0.07721,0.03926,118.716,-0.081,-0.165,0.148,False,1,1
JSMR,2017,0.001613943376265327,0.0,0.015809059392746405,0.5067298159990414,4600.642283464566,7551574.015748031,1918099800.0,254,Industrials,Infrastructure Operations,19160780242944,115553679179776.0,0.5168152,0.07721,0.03926,118.716,-0.081,-0.165,0.148,False,1,1
JSMR,2018,-0.0014909350045846123,0.0,0.019555634857072332,-0.32235656482216224,4108.81601532567,6027725.287356322,1573236300.0,261,Industrials,Infrastructure Operations,19160780242944,115553679179776.0,0.5168152,0.07721,0.03926,118.716,-0.081,-0.165,0.148,False,1,1
JSMR,2019,0.0007714900841609044,0.0,0.021512906156101314,0.2192951570052175,4807.994980544747,5581017.120622568,1434321400.0,257,Industrials,Infrastructure Operations,19160780242944,115553679179776.0,0.5168152,0.07721,0.03926,118.716,-0.081,-0.165,0.148,False,1,1
JSMR,2020,-0.000308480912881529,0.0,0.032375833818342706,-0.10200742063075352,3564.8029338842975,12084718.181818182,2924501800.0,242,Industrials,Infrastructure Operations,19160780242944,115553679179776.0,0.5168152,0.07721,0.03926,118.716,-0.081,-0.165,0.148,False,1,1
JSMR,2021,-0.0007050486956765857,-0.0022712820736909833,0.02004168239503471,-0.1634400568588401,3616.1855870445343,5365757.085020243,1325342000.0,247,Industrials,Infrastructure Operations,19160780242944,115553679179776.0,0.5168152,0.07721,0.03926,118.716,-0.081,-0.165,0.148,False,1,1
JSMR,2022,-0.0010832794809054927,0.0,0.01779694962663899,-0.25125690803457557,3102.302804878049,5909092.276422764,1453636700.0,246,Industrials,Infrastructure Operations,19160780242944,115553679179776.0,0.5168152,0.07721,0.03926,118.716,-0.081,-0.165,0.148,False,1,1
JSMR,2023,0.0021251139258429935,0.0,0.020240575984703395,0.6005317007533033,3455.3130962343093,6535224.267782426,1561918600.0,239,Industrials,Infrastructure Operations,19160780242944,115553679179776.0,0.5168152,0.07721,0.03926,118.716,-0.081,-0.165,0.148,False,1,1
JSMR,2024,-0.0004638139462409578,0.0,0.01833175429173255,-0.10040388181621673,4560.618396624473,6127123.628691983,1452128300.0,237,Industrials,Infrastructure Operations,19160780242944,115553679179776.0,0.5168152,0.07721,0.03926,118.716,-0.081,-0.165,0.148,False,1,1
JSMR,2025,-0.0009980569358926505,0.0,0.02053320070102537,-0.18744630719069166,3531.6978389830506,5663931.779661017,1336687900.0,236,Industrials,Infrastructure Operations,19160780242944,115553679179776.0,0.5168152,0.07721,0.03926,118.716,-0.081,-0.165,0.148,False,1,1
JSMR,2026,-0.0017283719487348208,0.0,0.022695896201891823,-0.1886235182390672,3082.183076923077,6200478.632478632,725456000.0,117,Industrials,Infrastructure Operations,19160780242944,115553679179776.0,0.5168152,0.07721,0.03926,118.716,-0.081,-0.165,0.148,False,1,1
KAEF,2010,0.0009702485865024891,0.0,0.02437023698887608,0.2519594892118009,127.75391836734694,5781810.204081632,1416543500.0,244,Healthcare,Medical Distribution,2337967439872,8940561629184.0,0.7898211,-0.061539996,-0.0017200001,249.365,-0.063,,1.065,False,1,1
KAEF,2011,0.0020153323847663,0.0,0.028064965561013535,1.1717559870994307,209.1221862348178,5582030.3643724695,1378761500.0,247,Healthcare,Medical Distribution,2337967439872,8940561629184.0,0.7898211,-0.061539996,-0.0017200001,249.365,-0.063,,1.065,False,1,1
KAEF,2012,0.0014670045720683118,0.0,0.029206664218647767,1.2729995442411615,482.76560975609755,6786725.646341464,1669534509.0,246,Healthcare,Medical Distribution,2337967439872,8940561629184.0,0.7898211,-0.061539996,-0.0017200001,249.365,-0.063,,1.065,False,1,1
KAEF,2013,-0.0004105998940655801,0.0,0.03039924646285748,-0.19826129300220574,756.9040983606558,4526627.1352459015,1104497021.0,244,Healthcare,Medical Distribution,2337967439872,8940561629184.0,0.7898211,-0.061539996,-0.0017200001,249.365,-0.063,,1.065,False,1,1
KAEF,2014,0.003661570876043255,0.0,0.023341251266996772,1.3886952826179346,999.0923360655738,4336481.147540984,1058101400.0,244,Healthcare,Medical Distribution,2337967439872,8940561629184.0,0.7898211,-0.061539996,-0.0017200001,249.365,-0.063,,1.065,False,1,1
KAEF,2015,-0.0019820169177037555,-0.0044156640151191695,0.02862167158617942,-0.393705446044619,1007.4210204081633,2862664.0816326533,701352700.0,245,Healthcare,Medical Distribution,2337967439872,8940561629184.0,0.7898211,-0.061539996,-0.0017200001,249.365,-0.063,,1.065,False,1,1
KAEF,2016,0.0028284934691594666,0.0,0.03328291813824205,2.25715608175595,1636.9325609756097,9349283.333333334,2299923700.0,246,Healthcare,Medical Distribution,2337967439872,8940561629184.0,0.7898211,-0.061539996,-0.0017200001,249.365,-0.063,,1.065,False,1,1
KAEF,2017,-0.0009521959338414665,-0.00360446127263625,0.025259291560307488,-0.014304091905192884,2518.410393700787,3257850.7874015747,827494100.0,254,Healthcare,Medical Distribution,2337967439872,8940561629184.0,0.7898211,-0.061539996,-0.0017200001,249.365,-0.063,,1.065,False,1,1
KAEF,2018,-0.0006915985817255332,0.0,0.02075461379042427,-0.02945584089900255,2350.6050574712644,565253.2567049809,147531100.0,261,Healthcare,Medical Distribution,2337967439872,8940561629184.0,0.7898211,-0.061539996,-0.0017200001,249.365,-0.063,,1.065,False,1,1
KAEF,2019,-0.0030255708360807,-0.003348156898854704,0.030002706291281506,-0.5169554798938303,2869.269221789883,2185592.2178988326,561697200.0,257,Healthcare,Medical Distribution,2337967439872,8940561629184.0,0.7898211,-0.061539996,-0.0017200001,249.365,-0.063,,1.065,False,1,1
KAEF,2020,-0.0006857515576269743,-0.0033475754598435437,0.0427213073402708,2.400004855508169,2013.3323140495868,22579618.595041323,5464267700.0,242,Healthcare,Medical Distribution,2337967439872,8940561629184.0,0.7898211,-0.061539996,-0.0017200001,249.365,-0.063,,1.065,False,1,1
KAEF,2021,-0.003935613496120221,-0.004140619304347837,0.03593068164090052,-0.43982481779045735,2866.8859919028337,12427657.894736841,3069631500.0,247,Healthcare,Medical Distribution,2337967439872,8940561629184.0,0.7898211,-0.061539996,-0.0017200001,249.365,-0.063,,1.065,False,1,1
KAEF,2022,-0.0037664566955149586,-0.0038317738732356332,0.021325190896788485,-0.5594284345294411,1520.6293089430894,1415687.8048780488,348259200.0,246,Healthcare,Medical Distribution,2337967439872,8940561629184.0,0.7898211,-0.061539996,-0.0017200001,249.365,-0.063,,1.065,False,1,1
KAEF,2023,-0.0009564061063729421,0.0,0.027223605838518714,0.33179723502304137,898.4518828451883,4095089.958158996,978726500.0,239,Healthcare,Medical Distribution,2337967439872,8940561629184.0,0.7898211,-0.061539996,-0.0017200001,249.365,-0.063,,1.065,False,1,1
KAEF,2024,-0.004421918496187779,-0.006153865574378692,0.028785796597251494,-0.5416666666666667,742.7426160337553,3532625.7383966246,837232300.0,237,Healthcare,Medical Distribution,2337967439872,8940561629184.0,0.7898211,-0.061539996,-0.0017200001,249.365,-0.063,,1.065,False,1,1
KAEF,2025,-0.0013916398222875493,0.0,0.029179157140551998,-0.1889763779527559,548.8813559322034,2684700.8474576273,633589400.0,236,Healthcare,Medical Distribution,2337967439872,8940561629184.0,0.7898211,-0.061539996,-0.0017200001,249.365,-0.063,,1.065,False,1,1
KAEF,2026,-0.0016035105048451204,0.0,0.03067436750310902,-0.1923076923076923,499.0854700854701,2852676.0683760685,333763100.0,117,Healthcare,Medical Distribution,2337967439872,8940561629184.0,0.7898211,-0.061539996,-0.0017200001,249.365,-0.063,,1.065,False,1,1
KLBF,2010,0.0037640690871232965,0.0,0.02372470576037711,1.4894593062213288,330.8958775510204,180269132.6530612,44165937500.0,244,Healthcare,Drug Manufacturers - General,34615377002496,31811910500352.0,1.4246607,0.1443,0.090220004,1.187,0.101,-0.035,-0.043,False,1,1
KLBF,2011,0.0005583724748969658,0.0,0.02362647140351825,0.04405723190253563,499.46287449392713,58683441.29554656,14494810000.0,247,Healthcare,Drug Manufacturers - General,34615377002496,31811910500352.0,1.4246607,0.1443,0.090220004,1.187,0.101,-0.035,-0.043,False,1,1
KLBF,2012,0.001908170041409958,0.0,0.01616566931112246,0.5873886355327214,626.0971544715447,62864278.6300813,15464612543.0,246,Healthcare,Drug Manufacturers - General,34615377002496,31811910500352.0,1.4246607,0.1443,0.090220004,1.187,0.101,-0.035,-0.043,False,1,1
KLBF,2013,0.0008192123914139007,0.0,0.025534791486365883,0.21989399424257772,1010.8337704918033,71818481.60245901,17523709511.0,244,Healthcare,Drug Manufacturers - General,34615377002496,31811910500352.0,1.4246607,0.1443,0.090220004,1.187,0.101,-0.035,-0.043,False,1,1
KLBF,2014,0.0016056707199773416,0.0,0.01467982217700954,0.4011566570118734,1272.1990573770493,50685404.90163934,12367238796.0,244,Healthcare,Drug Manufacturers - General,34615377002496,31811910500352.0,1.4246607,0.1443,0.090220004,1.187,0.101,-0.035,-0.043,False,1,1
KLBF,2015,-0.0012908108820355812,0.0,0.02202430086877408,-0.2630661056361423,1319.6112653061225,42813182.448979594,10489229700.0,245,Healthcare,Drug Manufacturers - General,34615377002496,31811910500352.0,1.4246607,0.1443,0.090220004,1.187,0.101,-0.035,-0.043,False,1,1
KLBF,2016,0.0006663614266746483,0.0,0.02003613164488959,0.19914388370764224,1224.7725609756096,41554045.93495935,10222295300.0,246,Healthcare,Drug Manufacturers - General,34615377002496,31811910500352.0,1.4246607,0.1443,0.090220004,1.187,0.101,-0.035,-0.043,False,1,1
KLBF,2017,0.00048722810019872256,0.0,0.013268935209921489,0.13173962203198175,1324.4831102362205,21178587.007874016,5379361100.0,254,Healthcare,Drug Manufacturers - General,34615377002496,31811910500352.0,1.4246607,0.1443,0.090220004,1.187,0.101,-0.035,-0.043,False,1,1
KLBF,2018,-0.00031668567184413765,0.0,0.022866519841598643,-0.08223674820883164,1205.433448275862,20518611.111111112,5355357500.0,261,Healthcare,Drug Manufacturers - General,34615377002496,31811910500352.0,1.4246607,0.1443,0.090220004,1.187,0.101,-0.035,-0.043,False,1,1
KLBF,2019,0.00031934789213478764,0.0,0.01610672879973306,0.08588112714605622,1314.2668604651162,21401354.651162792,5521549500.0,258,Healthcare,Drug Manufacturers - General,34615377002496,31811910500352.0,1.4246607,0.1443,0.090220004,1.187,0.101,-0.035,-0.043,False,1,1
KLBF,2020,-0.0004963460533598637,0.0,0.026954702323338024,-0.06662740084182095,1256.3200826446282,43009371.07438017,10408267800.0,242,Healthcare,Drug Manufacturers - General,34615377002496,31811910500352.0,1.4246607,0.1443,0.090220004,1.187,0.101,-0.035,-0.043,False,1,1
KLBF,2021,0.0001334437233081042,0.0,0.019809793932516247,0.11580841190051494,1318.3932388663968,48836032.79352227,12062500100.0,247,Healthcare,Drug Manufacturers - General,34615377002496,31811910500352.0,1.4246607,0.1443,0.090220004,1.187,0.101,-0.035,-0.043,False,1,1
KLBF,2022,0.0011363214206134842,0.0,0.01807722065597911,0.3184273523141983,1587.8832926829268,42353332.92682927,10418919900.0,246,Healthcare,Drug Manufacturers - General,34615377002496,31811910500352.0,1.4246607,0.1443,0.090220004,1.187,0.101,-0.035,-0.043,False,1,1
KLBF,2023,-0.001016432938415259,0.0,0.019806322818654076,-0.20425021367861673,1786.4703765690376,32980928.451882847,7882441900.0,239,Healthcare,Drug Manufacturers - General,34615377002496,31811910500352.0,1.4246607,0.1443,0.090220004,1.187,0.101,-0.035,-0.043,False,1,1
KLBF,2024,-0.0006267706122987046,0.0,0.016547571825301775,-0.14335914708534447,1466.256835443038,36266808.8607595,8595233700.0,237,Healthcare,Drug Manufacturers - General,34615377002496,31811910500352.0,1.4246607,0.1443,0.090220004,1.187,0.101,-0.035,-0.043,False,1,1
KLBF,2025,-0.00041430876495698513,-0.0016250064458014357,0.028444776361385645,-0.07936246091970278,1238.7549576271185,67383285.59322034,15902455400.0,236,Healthcare,Drug Manufacturers - General,34615377002496,31811910500352.0,1.4246607,0.1443,0.090220004,1.187,0.101,-0.035,-0.043,False,1,1
KLBF,2026,-0.0038278415447015757,-0.004373657079907112,0.022318279526495323,-0.34726405515405423,938.3271794871795,61048767.52136752,7142705800.0,117,Healthcare,Drug Manufacturers - General,34615377002496,31811910500352.0,1.4246607,0.1443,0.090220004,1.187,0.101,-0.035,-0.043,False,1,1
LPCK,2010,0.0018751619597421095,0.0,0.03153418578143863,0.7555828824397441,268.451306122449,491742.0,120476790.0,244,Real Estate,Real Estate - Development,2474918543360,2871713857536.0,0.36659932,0.02372,0.00952,11.792,-0.305,-0.711,0.354,False,1,1
LPCK,2011,0.004317529452239077,0.0,0.0379816059708381,3.5316186153372,966.3559514170041,12221853.14979757,3018797728.0,247,Real Estate,Real Estate - Development,2474918543360,2871713857536.0,0.36659932,0.02372,0.00952,11.792,-0.305,-0.711,0.354,False,1,1
LPCK,2012,0.001318373760989403,0.0,0.029804450037126475,0.7916699971101995,2801.102886178862,4778113.62195122,1175415951.0,246,Real Estate,Real Estate - Development,2474918543360,2871713857536.0,0.36659932,0.02372,0.00952,11.792,-0.305,-0.711,0.354,False,1,1
LPCK,2013,0.0018494163394869275,0.0,0.03648040513605399,0.535429200856101,5300.198114754099,3535748.8032786883,862722708.0,244,Real Estate,Real Estate - Development,2474918543360,2871713857536.0,0.36659932,0.02372,0.00952,11.792,-0.305,-0.711,0.354,False,1,1
LPCK,2014,0.0032952965264564137,0.0026052862565979495,0.02556820251879806,0.9809516180373588,7127.0447540983605,1406969.0901639345,343300458.0,244,Real Estate,Real Estate - Development,2474918543360,2871713857536.0,0.36659932,0.02372,0.00952,11.792,-0.305,-0.711,0.354,False,1,1
LPCK,2015,-0.0013698599750375667,0.0,0.02332961527171662,-0.31924896289707105,8455.052163265305,811064.8816326531,198710896.0,245,Real Estate,Real Estate - Development,2474918543360,2871713857536.0,0.36659932,0.02372,0.00952,11.792,-0.305,-0.711,0.354,False,1,1
LPCK,2016,-0.001607757047469347,-0.003515084311338512,0.024915237595888998,-0.28113883488721614,5881.539715447155,1130182.6097560977,278024922.0,246,Real Estate,Real Estate - Development,2474918543360,2871713857536.0,0.36659932,0.02372,0.00952,11.792,-0.305,-0.711,0.354,False,1,1
LPCK,2017,-0.0018707329771944935,-0.002133771535221207,0.01712848164390591,-0.3782182774490467,3899.1980708661417,947457.7165354331,240654260.0,254,Real Estate,Real Estate - Development,2474918543360,2871713857536.0,0.36659932,0.02372,0.00952,11.792,-0.305,-0.711,0.354,False,1,1
LPCK,2018,-0.002565260117983771,0.0,0.026505993801278254,-0.5302535254952965,2057.78877394636,1242705.8850574712,324346236.0,261,Real Estate,Real Estate - Development,2474918543360,2871713857536.0,0.36659932,0.02372,0.00952,11.792,-0.305,-0.711,0.354,False,1,1
LPCK,2019,-0.0017005733262266901,0.0,0.030029297446792884,-0.2833218283862061,1525.4446124031008,2397494.7364341086,618553642.0,258,Real Estate,Real Estate - Development,2474918543360,2871713857536.0,0.36659932,0.02372,0.00952,11.792,-0.305,-0.711,0.354,False,1,1
LPCK,2020,0.000522032009869983,0.0,0.0339933998484927,0.4129315358181338,794.5840082644628,1935593.388429752,468413600.0,242,Real Estate,Real Estate - Development,2474918543360,2871713857536.0,0.36659932,0.02372,0.00952,11.792,-0.305,-0.711,0.354,False,1,1
LPCK,2021,-0.0006351205720895635,0.0,0.02961572764707019,-0.10766519301831334,1078.5655060728745,1781909.7165991904,440131700.0,247,Real Estate,Real Estate - Development,2474918543360,2871713857536.0,0.36659932,0.02372,0.00952,11.792,-0.305,-0.711,0.354,False,1,1
LPCK,2022,-0.0007924023434064899,0.0,0.022968845154511242,-0.17012448132780078,1175.2845528455284,1903391.463414634,468234300.0,246,Real Estate,Real Estate - Development,2474918543360,2871713857536.0,0.36659932,0.02372,0.00952,11.792,-0.305,-0.711,0.354,False,1,1
LPCK,2023,-0.001307353071644461,0.0,0.023623243461733896,-0.19191919191919193,907.6778242677824,216114.2259414226,51651300.0,239,Real Estate,Real Estate - Development,2474918543360,2871713857536.0,0.36659932,0.02372,0.00952,11.792,-0.305,-0.711,0.354,False,1,1
LPCK,2024,-0.0019220293499493174,0.0,0.027058378577363432,-0.33766233766233766,655.6962025316456,429943.8818565401,101896700.0,237,Real Estate,Real Estate - Development,2474918543360,2871713857536.0,0.36659932,0.02372,0.00952,11.792,-0.305,-0.711,0.354,False,1,1
LPCK,2025,-0.0003768730686461673,0.0,0.02589520299696646,0.08490566037735858,541.2313135593221,1077757.06779661,254350668.0,236,Real Estate,Real Estate - Development,2474918543360,2871713857536.0,0.36659932,0.02372,0.00952,11.792,-0.305,-0.711,0.354,False,1,1
LPCK,2026,-0.002394492386704048,0.0,0.03382183270561449,-0.1899159663865546,647.2393162393163,2701394.871794872,316063200.0,117,Real Estate,Real Estate - Development,2474918543360,2871713857536.0,0.36659932,0.02372,0.00952,11.792,-0.305,-0.711,0.354,False,1,1
LPKR,2010,0.0009704707033825604,0.0,0.016959919445635723,0.40838839735692667,393.3254693877551,132868530.58367346,65105579986.0,489,Healthcare,Medical Care Facilities,4323516350464,12916020477952.0,0.14513443,0.015149999,0.00816,32.191,-0.127,-0.368,0.561,False,1,1
LPKR,2010,0.0009704707033825604,0.0,0.016959919445635723,0.40838839735692667,393.3254693877551,132868530.58367346,65105579986.0,489,Healthcare,Medical Care Facilities,4323516350464,12916020477952.0,0.14513443,0.015149999,0.00816,32.191,-0.127,-0.368,0.561,False,1,1
LPKR,2011,0.00017076200449460494,0.0,0.018111226611758798,-0.06366977018716335,488.8940890688259,103071343.45344129,50917243666.0,494,Healthcare,Medical Care Facilities,4323516350464,12916020477952.0,0.14513443,0.015149999,0.00816,32.191,-0.127,-0.368,0.561,False,1,1
LPKR,2011,0.00017076200449460494,0.0,0.018111226611758798,-0.06366977018716335,488.8940890688259,103071343.45344129,50917243666.0,494,Healthcare,Medical Care Facilities,4323516350464,12916020477952.0,0.14513443,0.015149999,0.00816,32.191,-0.127,-0.368,0.561,False,1,1
LPKR,2012,0.0008620189169538242,0.0,0.011912536238611559,0.5282347438843362,627.9185365853658,58884956.19512195,28971398448.0,492,Healthcare,Medical Care Facilities,4323516350464,12916020477952.0,0.14513443,0.015149999,0.00816,32.191,-0.127,-0.368,0.561,False,1,1
LPKR,2012,0.0008620189169538242,0.0,0.011912536238611559,0.5282347438843362,627.9185365853658,58884956.19512195,28971398448.0,492,Healthcare,Medical Care Facilities,4323516350464,12916020477952.0,0.14513443,0.015149999,0.00816,32.191,-0.127,-0.368,0.561,False,1,1
LPKR,2013,3.172583469145636e-06,0.0,0.019975806915055013,-0.07798653431620406,897.4065983606557,120594306.59836066,58850021620.0,488,Healthcare,Medical Care Facilities,4323516350464,12916020477952.0,0.14513443,0.015149999,0.00816,32.191,-0.127,-0.368,0.561,False,1,1
LPKR,2013,3.172583469145636e-06,0.0,0.019975806915055013,-0.07798653431620406,897.4065983606557,120594306.59836066,58850021620.0,488,Healthcare,Medical Care Facilities,4323516350464,12916020477952.0,0.14513443,0.015149999,0.00816,32.191,-0.127,-0.368,0.561,False,1,1
LPKR,2014,0.00025325842625820546,0.0,0.015585977399848617,0.13444359459108446,798.9145081967214,117403880.57786885,57293093722.0,488,Healthcare,Medical Care Facilities,4323516350464,12916020477952.0,0.14513443,0.015149999,0.00816,32.191,-0.127,-0.368,0.561,False,1,1
LPKR,2014,0.00025325842625820546,0.0,0.015585977399848617,0.13444359459108446,798.9145081967214,117403880.57786885,57293093722.0,488,Healthcare,Medical Care Facilities,4323516350464,12916020477952.0,0.14513443,0.015149999,0.00816,32.191,-0.127,-0.368,0.561,False,1,1
LPKR,2015,0.00010007573331749732,0.0,0.016934900037478925,0.020181660136811885,916.9150612244898,88536037.51428571,43382658382.0,490,Healthcare,Medical Care Facilities,4323516350464,12916020477952.0,0.14513443,0.015149999,0.00816,32.191,-0.127,-0.368,0.561,False,1,1
LPKR,2015,0.00010007573331749732,0.0,0.016934900037478925,0.020181660136811885,916.9150612244898,88536037.51428571,43382658382.0,490,Healthcare,Medical Care Facilities,4323516350464,12916020477952.0,0.14513443,0.015149999,0.00816,32.191,-0.127,-0.368,0.561,False,1,1
LPKR,2016,-0.0006715485162752636,0.0,0.012955171422828472,-0.2882380346777138,784.5732520325203,81509119.72357723,40102486904.0,492,Healthcare,Medical Care Facilities,4323516350464,12916020477952.0,0.14513443,0.015149999,0.00816,32.191,-0.127,-0.368,0.561,False,1,1
LPKR,2016,-0.0006715485162752636,0.0,0.012955171422828472,-0.2882380346777138,784.5732520325203,81509119.72357723,40102486904.0,492,Healthcare,Medical Care Facilities,4323516350464,12916020477952.0,0.14513443,0.015149999,0.00816,32.191,-0.127,-0.368,0.561,False,1,1
LPKR,2017,-0.0007659259335902589,0.0,0.013513471730918472,-0.320401231291795,555.6384251968504,96869193.57874016,49209550338.0,508,Healthcare,Medical Care Facilities,4323516350464,12916020477952.0,0.14513443,0.015149999,0.00816,32.191,-0.127,-0.368,0.561,False,1,1
LPKR,2017,-0.0007659259335902589,0.0,0.013513471730918472,-0.320401231291795,555.6384251968504,96869193.57874016,49209550338.0,508,Healthcare,Medical Care Facilities,4323516350464,12916020477952.0,0.14513443,0.015149999,0.00816,32.191,-0.127,-0.368,0.561,False,1,1
LPKR,2018,-0.0012239923447379458,0.0,0.014951505211772107,-0.47528309254197576,306.53302681992335,31983460.54789272,16695366406.0,522,Healthcare,Medical Care Facilities,4323516350464,12916020477952.0,0.14513443,0.015149999,0.00816,32.191,-0.127,-0.368,0.561,False,1,1
LPKR,2018,-0.0012239923447379458,0.0,0.014951505211772107,-0.47528309254197576,306.53302681992335,31983460.54789272,16695366406.0,522,Healthcare,Medical Care Facilities,4323516350464,12916020477952.0,0.14513443,0.015149999,0.00816,32.191,-0.127,-0.368,0.561,False,1,1
LPKR,2019,0.00034584709975869033,0.0,0.016111300518489937,0.200575482462668,245.28193798449612,112223364.1124031,57907255882.0,516,Healthcare,Medical Care Facilities,4323516350464,12916020477952.0,0.14513443,0.015149999,0.00816,32.191,-0.127,-0.368,0.561,False,1,1
LPKR,2019,0.00034584709975869033,0.0,0.016111300518489937,0.200575482462668,245.28193798449612,112223364.1124031,57907255882.0,516,Healthcare,Medical Care Facilities,4323516350464,12916020477952.0,0.14513443,0.015149999,0.00816,32.191,-0.127,-0.368,0.561,False,1,1
LPKR,2020,-0.0007883692930231004,0.0,0.02434924662825106,-0.07758620689655171,172.14462809917356,67893415.70247933,32860413200.0,484,Healthcare,Medical Care Facilities,4323516350464,12916020477952.0,0.14513443,0.015149999,0.00816,32.191,-0.127,-0.368,0.561,False,1,1
LPKR,2020,-0.0007883692930231004,0.0,0.02434924662825106,-0.07758620689655171,172.14462809917356,67893415.70247933,32860413200.0,484,Healthcare,Medical Care Facilities,4323516350464,12916020477952.0,0.14513443,0.015149999,0.00816,32.191,-0.127,-0.368,0.561,False,1,1
LPKR,2021,-0.0010016544940040274,0.0,0.02036612390706269,-0.3285714285714286,170.68421052631578,102923507.28744939,50844212600.0,494,Healthcare,Medical Care Facilities,4323516350464,12916020477952.0,0.14513443,0.015149999,0.00816,32.191,-0.127,-0.368,0.561,False,1,1
LPKR,2021,-0.0010016544940040274,0.0,0.02036612390706269,-0.3285714285714286,170.68421052631578,102923507.28744939,50844212600.0,494,Healthcare,Medical Care Facilities,4323516350464,12916020477952.0,0.14513443,0.015149999,0.00816,32.191,-0.127,-0.368,0.561,False,1,1
LPKR,2022,-0.001177463491689323,0.0,0.014334110387164105,-0.4436619718309859,113.99186991869918,41542596.74796748,20438957600.0,492,Healthcare,Medical Care Facilities,4323516350464,12916020477952.0,0.14513443,0.015149999,0.00816,32.191,-0.127,-0.368,0.561,False,1,1
LPKR,2022,-0.001177463491689323,0.0,0.014334110387164105,-0.4436619718309859,113.99186991869918,41542596.74796748,20438957600.0,492,Healthcare,Medical Care Facilities,4323516350464,12916020477952.0,0.14513443,0.015149999,0.00816,32.191,-0.127,-0.368,0.561,False,1,1
LPKR,2023,0.00011599870708891438,0.0,0.01750925198815269,0.19753086419753085,89.89539748953975,21832841.0041841,10436098000.0,478,Healthcare,Medical Care Facilities,4323516350464,12916020477952.0,0.14513443,0.015149999,0.00816,32.191,-0.127,-0.368,0.561,False,1,1
LPKR,2023,0.00011599870708891438,0.0,0.01750925198815269,0.19753086419753085,89.89539748953975,21832841.0041841,10436098000.0,478,Healthcare,Medical Care Facilities,4323516350464,12916020477952.0,0.14513443,0.015149999,0.00816,32.191,-0.127,-0.368,0.561,False,1,1
LPKR,2024,-0.0003425529553905513,0.0,0.02442103091418106,0.1208791208791209,84.09704641350211,94875684.38818565,44971074400.0,474,Healthcare,Medical Care Facilities,4323516350464,12916020477952.0,0.14513443,0.015149999,0.00816,32.191,-0.127,-0.368,0.561,False,1,1
LPKR,2024,-0.0003425529553905513,0.0,0.02442103091418106,0.1208791208791209,84.09704641350211,94875684.38818565,44971074400.0,474,Healthcare,Medical Care Facilities,4323516350464,12916020477952.0,0.14513443,0.015149999,0.00816,32.191,-0.127,-0.368,0.561,False,1,1
LPKR,2025,-0.0006537315572002222,0.0,0.019138739005647994,-0.1923076923076923,89.85593220338983,92616051.69491525,43714776400.0,472,Healthcare,Medical Care Facilities,4323516350464,12916020477952.0,0.14513443,0.015149999,0.00816,32.191,-0.127,-0.368,0.561,False,1,1
LPKR,2025,-0.0006537315572002222,0.0,0.019138739005647994,-0.1923076923076923,89.85593220338983,92616051.69491525,43714776400.0,472,Healthcare,Medical Care Facilities,4323516350464,12916020477952.0,0.14513443,0.015149999,0.00816,32.191,-0.127,-0.368,0.561,False,1,1
LPKR,2026,-0.0014018777529758296,0.0,0.02611201238559159,-0.2823529411764706,83.51282051282051,260323861.53846154,60915783600.0,234,Healthcare,Medical Care Facilities,4323516350464,12916020477952.0,0.14513443,0.015149999,0.00816,32.191,-0.127,-0.368,0.561,False,1,1
LPKR,2026,-0.0014018777529758296,0.0,0.02611201238559159,-0.2823529411764706,83.51282051282051,260323861.53846154,60915783600.0,234,Healthcare,Medical Care Facilities,4323516350464,12916020477952.0,0.14513443,0.015149999,0.00816,32.191,-0.127,-0.368,0.561,False,1,1
MEDC,2010,0.0008467106266632696,0.0,0.025026131775023882,0.31065810434090024,470.7724081632653,57781988.008163266,14156587062.0,244,Energy,Oil & Gas E&P,26161459494912,25301060943872.0,11910.112,0.06968,0.049790002,155.798,0.192,2.878,0.109,False,1,1
MEDC,2011,-0.0009905518245421454,0.0,0.023166080024944812,-0.29709444898565796,406.6274898785425,23368522.95951417,5772025171.0,247,Energy,Oil & Gas E&P,26161459494912,25301060943872.0,11910.112,0.06968,0.049790002,155.798,0.192,2.878,0.109,False,1,1
MEDC,2012,-0.0015793074439951337,0.0,0.019955718952799115,-0.32081719855788493,295.90512195121954,19097086.199186992,4697883205.0,246,Energy,Oil & Gas E&P,26161459494912,25301060943872.0,11910.112,0.06968,0.049790002,155.798,0.192,2.878,0.109,False,1,1
MEDC,2013,0.001106723709638535,0.0,0.02414084311569852,0.2727237414543193,314.9602049180328,17665605.44672131,4310407729.0,244,Energy,Oil & Gas E&P,26161459494912,25301060943872.0,11910.112,0.06968,0.049790002,155.798,0.192,2.878,0.109,False,1,1
MEDC,2014,0.0024032118181097862,0.0,0.019076089451583223,0.8313204633204634,496.23188524590165,7797533.18852459,1902598098.0,244,Energy,Oil & Gas E&P,26161459494912,25301060943872.0,11910.112,0.06968,0.049790002,155.798,0.192,2.878,0.109,False,1,1
MEDC,2015,-0.005177933972089169,-0.0018706387209004305,0.02812840409252574,-0.6683060732428538,348.5501632653061,6346404.41632653,1554869082.0,245,Energy,Oil & Gas E&P,26161459494912,25301060943872.0,11910.112,0.06968,0.049790002,155.798,0.192,2.878,0.109,False,1,1
MEDC,2016,0.0007726577975594031,-0.0016363879835079587,0.03279353888959606,0.6922760887428101,207.99052845528453,22601992.3699187,5560090123.0,246,Energy,Oil & Gas E&P,26161459494912,25301060943872.0,11910.112,0.06968,0.049790002,155.798,0.192,2.878,0.109,False,1,1
MEDC,2017,0.0029738415883560935,0.0,0.032938905049443044,1.9966496722505465,441.2322047244094,65113027.21259843,16538708912.0,254,Energy,Oil & Gas E&P,26161459494912,25301060943872.0,11910.112,0.06968,0.049790002,155.798,0.192,2.878,0.109,False,1,1
MEDC,2018,-0.0012753500435796555,0.0,0.032899525235438945,-0.23032925011342276,712.7545210727969,47230804.505747125,12327239976.0,261,Energy,Oil & Gas E&P,26161459494912,25301060943872.0,11910.112,0.06968,0.049790002,155.798,0.192,2.878,0.109,False,1,1
MEDC,2019,0.000676591623252515,0.0,0.025558293795038933,0.2627523631081452,555.7324806201551,32408548.84108527,8361405601.0,258,Energy,Oil & Gas E&P,26161459494912,25301060943872.0,11910.112,0.06968,0.049790002,155.798,0.192,2.878,0.109,False,1,1
MEDC,2020,-0.0009203161133365005,-0.0020836798807715162,0.03737750704264234,-0.16534834720735037,375.43454545454546,106860841.8016529,25860323716.0,242,Energy,Oil & Gas E&P,26161459494912,25301060943872.0,11910.112,0.06968,0.049790002,155.798,0.192,2.878,0.109,False,1,1
MEDC,2021,-0.001196487340464246,-0.00411120881889282,0.031148494363333386,-0.26613988541546507,484.718987854251,73142163.96761134,18066114500.0,247,Energy,Oil & Gas E&P,26161459494912,25301060943872.0,11910.112,0.06968,0.049790002,155.798,0.192,2.878,0.109,False,1,1
MEDC,2022,0.002759852138969652,0.0,0.03276332066488011,1.331994503752246,633.3899186991871,95164176.42276423,23410387400.0,246,Energy,Oil & Gas E&P,26161459494912,25301060943872.0,11910.112,0.06968,0.049790002,155.798,0.192,2.878,0.109,False,1,1
MEDC,2023,0.0005828397326807459,0.0,0.034407682168619926,0.10211769174764962,998.062259414226,103786617.15481171,24805001500.0,239,Energy,Oil & Gas E&P,26161459494912,25301060943872.0,11910.112,0.06968,0.049790002,155.798,0.192,2.878,0.109,False,1,1
MEDC,2024,-6.246810293364332e-05,0.0,0.02393431368904719,-0.02315030136206153,1178.4979324894516,51460298.31223629,12196090700.0,237,Energy,Oil & Gas E&P,26161459494912,25301060943872.0,11910.112,0.06968,0.049790002,155.798,0.192,2.878,0.109,False,1,1
MEDC,2025,0.001123133440572954,0.0,0.024891242864509295,0.2497638065790604,1153.3460593220339,44670013.13559322,10542123100.0,236,Energy,Oil & Gas E&P,26161459494912,25301060943872.0,11910.112,0.06968,0.049790002,155.798,0.192,2.878,0.109,False,1,1
MEDC,2026,-0.001184593387889523,0.0,0.033484079673899186,-0.24919607315380143,1488.49452991453,124866227.35042734,14609348600.0,117,Energy,Oil & Gas E&P,26161459494912,25301060943872.0,11910.112,0.06968,0.049790002,155.798,0.192,2.878,0.109,False,1,1
MERK,2010,0.0011530826833390895,0.0,0.013377318295252977,0.2825135508197827,1214.5345714285716,42369.71428571428,10380580.0,244,Healthcare,Drug Manufacturers - Specialty & Generic,1639680049152,1188282499072.0,1.575262,0.31792,0.20817,1.789,0.316,3.94,0.167,False,1,1
MERK,2011,0.001467508300030295,0.0,0.00770562133425499,0.4368806520626336,1845.3851417004048,34615.38461538462,8550000.0,247,Healthcare,Drug Manufacturers - Specialty & Generic,1639680049152,1188282499072.0,1.575262,0.31792,0.20817,1.789,0.316,3.94,0.167,False,1,1
MERK,2012,0.0008740870067032209,0.0,0.008722126893674536,0.21655271318891622,2492.380975609756,67601.9512195122,16630080.0,246,Healthcare,Drug Manufacturers - Specialty & Generic,1639680049152,1188282499072.0,1.575262,0.31792,0.20817,1.789,0.316,3.94,0.167,False,1,1
MERK,2013,0.0014398778485032666,0.0,0.019575399038935726,0.273326250267492,3294.3237295081967,34836.80327868852,8500180.0,244,Healthcare,Drug Manufacturers - Specialty & Generic,1639680049152,1188282499072.0,1.575262,0.31792,0.20817,1.789,0.316,3.94,0.167,False,1,1
MERK,2014,0.00019996968356416153,0.0,0.018550325920247322,-0.12612960576942922,3390.5771721311476,4057.377049180328,990000.0,244,Healthcare,Drug Manufacturers - Specialty & Generic,1639680049152,1188282499072.0,1.575262,0.31792,0.20817,1.789,0.316,3.94,0.167,False,1,1
MERK,2015,-0.0002659434827537265,0.0,0.01670028836330463,-0.09027693428883765,2651.1869387755105,26268.163265306124,6435700.0,245,Healthcare,Drug Manufacturers - Specialty & Generic,1639680049152,1188282499072.0,1.575262,0.31792,0.20817,1.789,0.316,3.94,0.167,False,1,1
MERK,2016,0.0013016303187017915,0.0,0.013660550209730298,0.3825064399410354,3374.831138211382,8487.80487804878,2088000.0,246,Healthcare,Drug Manufacturers - Specialty & Generic,1639680049152,1188282499072.0,1.575262,0.31792,0.20817,1.789,0.316,3.94,0.167,False,1,1
MERK,2017,-0.00019339772620341478,0.0,0.00902476653550108,-0.04793600275720189,3697.9344094488188,4791.3385826771655,1217000.0,254,Healthcare,Drug Manufacturers - Specialty & Generic,1639680049152,1188282499072.0,1.575262,0.31792,0.20817,1.789,0.316,3.94,0.167,False,1,1
MERK,2018,-0.001140237703160688,0.0,0.020028295601183303,-0.18796452368293037,2754.639233716475,178076.24521072797,46477900.0,261,Healthcare,Drug Manufacturers - Specialty & Generic,1639680049152,1188282499072.0,1.575262,0.31792,0.20817,1.789,0.316,3.94,0.167,False,1,1
MERK,2019,-0.001594159285062725,-0.0011547969003911085,0.014446128943310965,-0.3372073584419385,2411.56023255814,90123.64341085272,23251900.0,258,Healthcare,Drug Manufacturers - Specialty & Generic,1639680049152,1188282499072.0,1.575262,0.31792,0.20817,1.789,0.316,3.94,0.167,False,1,1
MERK,2020,0.00032065920477065285,0.0,0.028017693142495453,0.17466678372055777,1843.6475206611572,74819.8347107438,18106400.0,242,Healthcare,Drug Manufacturers - Specialty & Generic,1639680049152,1188282499072.0,1.575262,0.31792,0.20817,1.789,0.316,3.94,0.167,False,1,1
MERK,2021,0.0006221843759089418,0.0,0.013864403063561112,0.15904969565616356,2367.6812145748986,102331.57894736843,25275900.0,247,Healthcare,Drug Manufacturers - Specialty & Generic,1639680049152,1188282499072.0,1.575262,0.31792,0.20817,1.789,0.316,3.94,0.167,False,1,1
MERK,2022,0.0012633621263953793,0.0,0.01346996935120833,0.3644986654200535,3320.2828861788616,66211.78861788618,16288100.0,246,Healthcare,Drug Manufacturers - Specialty & Generic,1639680049152,1188282499072.0,1.575262,0.31792,0.20817,1.789,0.316,3.94,0.167,False,1,1
MERK,2023,-0.00025955509146120066,0.0,0.006929834850195681,-0.06799750126032933,3738.4356066945606,29999.581589958158,7169900.0,239,Healthcare,Drug Manufacturers - Specialty & Generic,1639680049152,1188282499072.0,1.575262,0.31792,0.20817,1.789,0.316,3.94,0.167,False,1,1
MERK,2024,-0.00029589981387947794,0.0,0.007686860741874003,-0.0677257574243163,3296.5950632911395,39110.54852320675,9269200.0,237,Healthcare,Drug Manufacturers - Specialty & Generic,1639680049152,1188282499072.0,1.575262,0.31792,0.20817,1.789,0.316,3.94,0.167,False,1,1
MERK,2025,-8.086866259250576e-05,0.0,0.01381864269922947,-0.013422499571925983,2890.335720338983,36795.76271186441,8683800.0,236,Healthcare,Drug Manufacturers - Specialty & Generic,1639680049152,1188282499072.0,1.575262,0.31792,0.20817,1.789,0.316,3.94,0.167,False,1,1
MERK,2026,0.0010365528038900616,0.0,0.022190879983443736,0.19779683925631875,3303.636581196581,54160.68376068376,6336800.0,117,Healthcare,Drug Manufacturers - Specialty & Generic,1639680049152,1188282499072.0,1.575262,0.31792,0.20817,1.789,0.316,3.94,0.167,False,1,1
MLBI,2010,0.0017471439282796882,0.0,0.013307449451215453,0.5874779520284135,910.9488571428572,258173.4693877551,63252500.0,244,Consumer Defensive,Beverages - Brewers,13274100793344,12182210215936.0,8.367856,0.78598,0.27837,6.596,0.132,0.175,0.063,False,1,1
MLBI,2011,0.0014836510607890581,0.0,0.014156845005400024,0.38511705938364327,1593.5662753036438,437248.1781376518,108000300.0,247,Consumer Defensive,Beverages - Brewers,13274100793344,12182210215936.0,8.367856,0.78598,0.27837,6.596,0.132,0.175,0.063,False,1,1
MLBI,2012,0.0031195835711391065,0.0,0.012764806407650825,1.1569723984788882,3173.5421544715446,239837.80487804877,59000100.0,246,Consumer Defensive,Beverages - Brewers,13274100793344,12182210215936.0,8.367856,0.78598,0.27837,6.596,0.132,0.175,0.063,False,1,1
MLBI,2013,0.00255797059709173,0.0,0.016886430325767896,0.6613590661321127,6167.753606557378,349188.9344262295,85202100.0,244,Consumer Defensive,Beverages - Brewers,13274100793344,12182210215936.0,8.367856,0.78598,0.27837,6.596,0.132,0.175,0.063,False,1,1
MLBI,2014,-0.00017841268241911286,0.0,0.015129518790421695,0.0500494815852377,6394.187581967213,85509.83606557376,20864400.0,244,Consumer Defensive,Beverages - Brewers,13274100793344,12182210215936.0,8.367856,0.78598,0.27837,6.596,0.132,0.175,0.063,False,1,1
MLBI,2015,-0.0012369546954605639,0.0,0.021653403715546176,-0.3035914111084961,5062.285142857143,50908.97959183674,12472700.0,245,Consumer Defensive,Beverages - Brewers,13274100793344,12182210215936.0,8.367856,0.78598,0.27837,6.596,0.132,0.175,0.063,False,1,1
MLBI,2016,0.0013916274657144643,0.0,0.017476405765778996,0.432429845221737,6200.647642276423,45433.39837398374,11176616.0,246,Consumer Defensive,Beverages - Brewers,13274100793344,12182210215936.0,8.367856,0.78598,0.27837,6.596,0.132,0.175,0.063,False,1,1
MLBI,2017,0.0007572205613481459,0.0,0.009303331636438494,0.21207530988125445,7918.073700787401,27648.425196850392,7022700.0,254,Consumer Defensive,Beverages - Brewers,13274100793344,12182210215936.0,8.367856,0.78598,0.27837,6.596,0.132,0.175,0.063,False,1,1
MLBI,2018,0.000719927422142257,0.0,0.011603947514393202,0.20671411374433712,10347.985555555555,28664.750957854405,7481500.0,261,Consumer Defensive,Beverages - Brewers,13274100793344,12182210215936.0,8.367856,0.78598,0.27837,6.596,0.132,0.175,0.063,False,1,1
MLBI,2019,-7.763057037209144e-06,0.0,0.008829321029758806,-0.0020008643124621583,12163.255852713177,11089.922480620155,2861200.0,258,Consumer Defensive,Beverages - Brewers,13274100793344,12182210215936.0,8.367856,0.78598,0.27837,6.596,0.132,0.175,0.063,False,1,1
MLBI,2020,-0.0020164549344178443,0.0,0.01851522675940925,-0.3741935668476333,7430.225867768595,58200.413223140495,14084500.0,242,Consumer Defensive,Beverages - Brewers,13274100793344,12182210215936.0,8.367856,0.78598,0.27837,6.596,0.132,0.175,0.063,False,1,1
MLBI,2021,-0.000674371155224412,0.0,0.01240371932320974,-0.14013966441529657,5921.383238866397,81678.13765182186,20174500.0,247,Consumer Defensive,Beverages - Brewers,13274100793344,12182210215936.0,8.367856,0.78598,0.27837,6.596,0.132,0.175,0.063,False,1,1
MLBI,2022,0.0007634351207610341,0.0,0.014048058231190772,0.19510868596087683,6514.675081300813,67513.82113821138,16608400.0,246,Consumer Defensive,Beverages - Brewers,13274100793344,12182210215936.0,8.367856,0.78598,0.27837,6.596,0.132,0.175,0.063,False,1,1
MLBI,2023,-0.00042489766875271925,0.0,0.005790811437831696,-0.08635524115910886,6600.055481171548,77065.2719665272,18418600.0,239,Consumer Defensive,Beverages - Brewers,13274100793344,12182210215936.0,8.367856,0.78598,0.27837,6.596,0.132,0.175,0.063,False,1,1
MLBI,2024,-0.0006087843893352912,0.0,0.010938556842717658,-0.1371394705649941,5254.837468354431,137907.1729957806,32684000.0,237,Consumer Defensive,Beverages - Brewers,13274100793344,12182210215936.0,8.367856,0.78598,0.27837,6.596,0.132,0.175,0.063,False,1,1
MLBI,2025,8.576174887245468e-05,0.0,0.012297278262471503,0.018462765389135827,5296.14593220339,197294.91525423728,46561600.0,236,Consumer Defensive,Beverages - Brewers,13274100793344,12182210215936.0,8.367856,0.78598,0.27837,6.596,0.132,0.175,0.063,False,1,1
MLBI,2026,0.0014160190514630761,0.0,0.011366509522447436,0.18018856790673876,5469.963675213675,251052.13675213675,29373100.0,117,Consumer Defensive,Beverages - Brewers,13274100793344,12182210215936.0,8.367856,0.78598,0.27837,6.596,0.132,0.175,0.063,False,1,1
MLPT,2013,0.003008990795740174,0.0,0.016381730783960935,0.4027963941233672,394.15999999999997,6472318.9655172415,750789000.0,115,Technology,Information Technology Services,31875001221120,31842430353408.0,40.65692,0.39580002,0.06166,30.366,0.064,-0.532,1.246,False,1,1
MLPT,2014,4.687643672690316e-05,0.0,0.0054535040685521514,0.011503512880562061,534.2572131147541,2890851.6393442624,705367800.0,244,Technology,Information Technology Services,31875001221120,31842430353408.0,40.65692,0.39580002,0.06166,30.366,0.064,-0.532,1.246,False,1,1
MLPT,2015,0.0004983240225245071,0.0,0.013153105206591027,0.11904276797125335,627.3422040816326,1226837.551020408,300575200.0,245,Technology,Information Technology Services,31875001221120,31842430353408.0,40.65692,0.39580002,0.06166,30.366,0.064,-0.532,1.246,False,1,1
MLPT,2016,0.0009653606967688074,0.0,0.027059001054378678,0.559768935381356,608.976359832636,6007.949790794979,1435900.0,239,Technology,Information Technology Services,31875001221120,31842430353408.0,40.65692,0.39580002,0.06166,30.366,0.064,-0.532,1.246,False,1,1
MLPT,2017,-0.003406763781013467,0.0,0.027508112349369885,-0.6356449302276224,542.738695652174,30633.201581027668,7750200.0,253,Technology,Information Technology Services,31875001221120,31842430353408.0,40.65692,0.39580002,0.06166,30.366,0.064,-0.532,1.246,False,1,1
MLPT,2018,0.002985775788858406,0.0,0.040356937567154416,0.5545361875637105,440.6999233716475,14299.233716475095,3732100.0,261,Technology,Information Technology Services,31875001221120,31842430353408.0,40.65692,0.39580002,0.06166,30.366,0.064,-0.532,1.246,False,1,1
MLPT,2019,-0.0003066372022688762,0.0,0.0312948531355581,-0.48861826697892274,475.15325581395354,5284.883720930233,1363500.0,258,Technology,Information Technology Services,31875001221120,31842430353408.0,40.65692,0.39580002,0.06166,30.366,0.064,-0.532,1.246,False,1,1
MLPT,2020,-0.001109682678757519,0.0,0.03816707487089539,0.81232902379614,355.29161157024794,345393.80165289255,83585300.0,242,Technology,Information Technology Services,31875001221120,31842430353408.0,40.65692,0.39580002,0.06166,30.366,0.064,-0.532,1.246,False,1,1
MLPT,2021,0.0025944517531595367,0.0,0.037200439627265346,3.670578469783669,1911.6036842105264,1813484.2105263157,447930600.0,247,Technology,Information Technology Services,31875001221120,31842430353408.0,40.65692,0.39580002,0.06166,30.366,0.064,-0.532,1.246,False,1,1
MLPT,2022,-0.0029653565268348515,-0.0007993470868110641,0.02307816084456522,-0.4566819452735814,2130.9126829268293,498009.34959349595,122510300.0,246,Technology,Information Technology Services,31875001221120,31842430353408.0,40.65692,0.39580002,0.06166,30.366,0.064,-0.532,1.246,False,1,1
MLPT,2023,-0.0006942441652496936,0.0,0.01235988383408983,-0.1444558688919262,1531.7329288702929,36565.69037656904,8739200.0,239,Technology,Information Technology Services,31875001221120,31842430353408.0,40.65692,0.39580002,0.06166,30.366,0.064,-0.532,1.246,False,1,1
MLPT,2024,0.005003770676195123,0.0,0.03864281927688388,3.670578469783669,5575.261097046413,259983.96624472574,61616200.0,237,Technology,Information Technology Services,31875001221120,31842430353408.0,40.65692,0.39580002,0.06166,30.366,0.064,-0.532,1.246,False,1,1
MLPT,2025,0.002500352252912939,0.0,0.043190001480994805,2.2320680524150425,58966.092033898305,55795.338983050846,13167700.0,236,Technology,Information Technology Services,31875001221120,31842430353408.0,40.65692,0.39580002,0.06166,30.366,0.064,-0.532,1.246,False,1,1
MLPT,2026,-0.0054876681926763924,-0.011696039763190669,0.043190001480994805,-0.6683060732428538,29009.053162393164,41319.65811965812,4834400.0,117,Technology,Information Technology Services,31875001221120,31842430353408.0,40.65692,0.39580002,0.06166,30.366,0.064,-0.532,1.246,False,1,1
MTDL,2010,0.0009616734414452194,0.0,0.025843626464395777,0.49710982658959524,12.496857142857143,46217641.55510204,11323322181.0,244,Technology,Electronics & Computer Distribution,6199826710528,8756830666752.0,1.2727488,0.18726,0.07022,33.353,0.214,0.034,0.094,False,1,1
MTDL,2011,-0.00013904256800037287,0.0,0.020666042151684768,-0.023994811932555038,15.096153846153847,34058660.943319835,8412489253.0,247,Technology,Electronics & Computer Distribution,6199826710528,8756830666752.0,1.2727488,0.18726,0.07022,33.353,0.214,0.034,0.094,False,1,1
MTDL,2012,0.0010897296868343693,0.0,0.021817023142907323,0.4547297297297297,17.340040650406504,29262863.479674798,7198664416.0,246,Technology,Electronics & Computer Distribution,6199826710528,8756830666752.0,1.2727488,0.18726,0.07022,33.353,0.214,0.034,0.094,False,1,1
MTDL,2013,0.0021772272284642604,0.0,0.03204347348499292,0.7799065420560751,33.62901639344262,29130627.04918033,7107873000.0,244,Technology,Electronics & Computer Distribution,6199826710528,8756830666752.0,1.2727488,0.18726,0.07022,33.353,0.214,0.034,0.094,False,1,1
MTDL,2014,0.002588942667777591,0.0,0.02362477394928093,1.241533210816487,58.454180327868855,10377288.819672132,2532058472.0,244,Technology,Electronics & Computer Distribution,6199826710528,8756830666752.0,1.2727488,0.18726,0.07022,33.353,0.214,0.034,0.094,False,1,1
MTDL,2015,0.00032260226762334044,0.0,0.018928900580952424,0.10402644940370775,94.56877551020408,5367638.273469388,1315071377.0,245,Technology,Electronics & Computer Distribution,6199826710528,8756830666752.0,1.2727488,0.18726,0.07022,33.353,0.214,0.034,0.094,False,1,1
MTDL,2016,0.00014519545773202883,0.0,0.013003863703065468,0.028444067077053825,101.9769918699187,1320835.6707317072,324925575.0,246,Technology,Electronics & Computer Distribution,6199826710528,8756830666752.0,1.2727488,0.18726,0.07022,33.353,0.214,0.034,0.094,False,1,1
MTDL,2017,0.0001639330635558493,0.0,0.0124966181987389,0.04251805985552104,94.32740157480315,1047261.8897637795,266004520.0,254,Technology,Electronics & Computer Distribution,6199826710528,8756830666752.0,1.2727488,0.18726,0.07022,33.353,0.214,0.034,0.094,False,1,1
MTDL,2018,0.00106091321454716,0.0,0.024666072982902194,0.347158978420115,118.74494252873563,7813670.498084291,2039368000.0,261,Technology,Electronics & Computer Distribution,6199826710528,8756830666752.0,1.2727488,0.18726,0.07022,33.353,0.214,0.034,0.094,False,1,1
MTDL,2019,0.0030704067612933,0.0,0.022914907540271843,1.2067014475714601,201.35643410852714,28378837.209302325,7321740000.0,258,Technology,Electronics & Computer Distribution,6199826710528,8756830666752.0,1.2727488,0.18726,0.07022,33.353,0.214,0.034,0.094,False,1,1
MTDL,2020,-0.000565274060609099,0.0,0.02626109281347134,-0.10119006434650246,243.1061570247934,10293795.454545455,2491098500.0,242,Technology,Electronics & Computer Distribution,6199826710528,8756830666752.0,1.2727488,0.18726,0.07022,33.353,0.214,0.034,0.094,False,1,1
MTDL,2021,0.002504174040254621,0.0,0.026004569046403483,1.4701512643855126,398.6241700404858,22174336.032388665,5477061000.0,247,Technology,Electronics & Computer Distribution,6199826710528,8756830666752.0,1.2727488,0.18726,0.07022,33.353,0.214,0.034,0.094,False,1,1
MTDL,2022,-0.001053936027150594,0.0,0.02412042511993654,-0.21398073046459576,545.130569105691,9753383.739837399,2399332400.0,246,Technology,Electronics & Computer Distribution,6199826710528,8756830666752.0,1.2727488,0.18726,0.07022,33.353,0.214,0.034,0.094,False,1,1
MTDL,2023,-0.00022503525358986376,0.0,0.01666080245137024,-0.01853052517097864,465.7003347280335,4755091.631799163,1136466900.0,239,Technology,Electronics & Computer Distribution,6199826710528,8756830666752.0,1.2727488,0.18726,0.07022,33.353,0.214,0.034,0.094,False,1,1
MTDL,2024,0.000780558454042925,0.0,0.019493407892316742,0.22612377850162857,533.8443459915612,4289161.603375527,1016531300.0,237,Technology,Electronics & Computer Distribution,6199826710528,8756830666752.0,1.2727488,0.18726,0.07022,33.353,0.214,0.034,0.094,False,1,1
MTDL,2025,6.642048215012079e-05,0.0,0.021106984141653278,-0.03076311193345893,541.9547033898305,7459624.152542373,1760471300.0,236,Technology,Electronics & Computer Distribution,6199826710528,8756830666752.0,1.2727488,0.18726,0.07022,33.353,0.214,0.034,0.094,False,1,1
MTDL,2026,-0.0008912035319389264,0.0,0.0176177496913423,-0.10659000442282174,534.868376068376,2844575.2136752135,332815300.0,117,Technology,Electronics & Computer Distribution,6199826710528,8756830666752.0,1.2727488,0.18726,0.07022,33.353,0.214,0.034,0.094,False,1,1
MYOR,2010,0.0036145904372195947,0.0,0.027015932101573575,1.5337739249849793,202.1598775510204,13605642.706122449,3333382463.0,244,Consumer Defensive,Packaged Foods,40051043991552,40881285496832.0,2.1187954,0.17131001,0.08781999,26.627,-0.047,0.374,-0.136,False,1,1
MYOR,2011,0.001119032843954125,0.0,0.02217996088195636,0.3317823184301034,348.6088259109312,10098425.862348178,2494311188.0,247,Consumer Defensive,Packaged Foods,40051043991552,40881285496832.0,2.1187954,0.17131001,0.08781999,26.627,-0.047,0.374,-0.136,False,1,1
MYOR,2012,0.0014011430196659784,0.0,0.02194755273492835,0.4115398248012556,553.5813008130082,6790103.5040650405,1670365462.0,246,Consumer Defensive,Packaged Foods,40051043991552,40881285496832.0,2.1187954,0.17131001,0.08781999,26.627,-0.047,0.374,-0.136,False,1,1
MYOR,2013,0.0018385467528532983,0.0,0.02208400707121507,0.5477695437372858,823.442868852459,3071492.704918033,749444220.0,244,Consumer Defensive,Packaged Foods,40051043991552,40881285496832.0,2.1187954,0.17131001,0.08781999,26.627,-0.047,0.374,-0.136,False,1,1
MYOR,2014,-0.0008628591471967648,0.0,0.012989314718930276,-0.18985143286314454,932.4030327868852,967274.5901639344,236015000.0,244,Consumer Defensive,Packaged Foods,40051043991552,40881285496832.0,2.1187954,0.17131001,0.08781999,26.627,-0.047,0.374,-0.136,False,1,1
MYOR,2015,0.0013792682598068042,0.0,0.021792934499261462,0.4409795755930468,863.9735102040817,1130693.8775510204,277020000.0,245,Consumer Defensive,Packaged Foods,40051043991552,40881285496832.0,2.1187954,0.17131001,0.08781999,26.627,-0.047,0.374,-0.136,False,1,1
MYOR,2016,0.0013891654179758687,0.0,0.016151404444558877,0.4659154989519827,1182.2808536585367,996668.2926829269,245180400.0,246,Consumer Defensive,Packaged Foods,40051043991552,40881285496832.0,2.1187954,0.17131001,0.08781999,26.627,-0.047,0.374,-0.136,False,1,1
MYOR,2017,0.0007699732858764032,0.0,0.021672761448947513,0.2395828040964747,1709.5287401574803,1538486.6141732284,390775600.0,254,Consumer Defensive,Packaged Foods,40051043991552,40881285496832.0,2.1187954,0.17131001,0.08781999,26.627,-0.047,0.374,-0.136,False,1,1
MYOR,2018,0.0010298630863364768,0.0,0.01668320661585717,0.3083859332732193,2300.8691187739464,1286906.1302681991,335882500.0,261,Consumer Defensive,Packaged Foods,40051043991552,40881285496832.0,2.1187954,0.17131001,0.08781999,26.627,-0.047,0.374,-0.136,False,1,1
MYOR,2019,-0.0009053104660575438,0.0,0.012409814502018156,-0.20829790471416942,2083.4438759689924,2718491.472868217,701370800.0,258,Consumer Defensive,Packaged Foods,40051043991552,40881285496832.0,2.1187954,0.17131001,0.08781999,26.627,-0.047,0.374,-0.136,False,1,1
MYOR,2020,0.0006979709258494286,0.0,0.02135658708830755,0.35301370566778756,1921.5911570247933,3732021.0743801654,903149100.0,242,Consumer Defensive,Packaged Foods,40051043991552,40881285496832.0,2.1187954,0.17131001,0.08781999,26.627,-0.047,0.374,-0.136,False,1,1
MYOR,2021,-0.0010542601724568396,0.0,0.017075966062410134,-0.27475446020945327,2156.388137651822,4027827.125506073,994873300.0,247,Consumer Defensive,Packaged Foods,40051043991552,40881285496832.0,2.1187954,0.17131001,0.08781999,26.627,-0.047,0.374,-0.136,False,1,1
MYOR,2022,0.0006931764604497032,0.0,0.023861775257715895,0.23265606275193362,1765.0455691056911,8114532.520325203,1996175000.0,246,Consumer Defensive,Packaged Foods,40051043991552,40881285496832.0,2.1187954,0.17131001,0.08781999,26.627,-0.047,0.374,-0.136,False,1,1
MYOR,2023,0.00012421870966016434,0.0,0.018480425292671583,0.013186325620604844,2346.994476987448,6150593.723849372,1469991900.0,239,Consumer Defensive,Packaged Foods,40051043991552,40881285496832.0,2.1187954,0.17131001,0.08781999,26.627,-0.047,0.374,-0.136,False,1,1
MYOR,2024,0.0005630771349182514,0.0,0.017518152393866098,0.1520205542949471,2348.504430379747,7880343.88185654,1867641500.0,237,Consumer Defensive,Packaged Foods,40051043991552,40881285496832.0,2.1187954,0.17131001,0.08781999,26.627,-0.047,0.374,-0.136,False,1,1
MYOR,2025,-0.0009508926662964352,0.0,0.0228695263038261,-0.212585933368588,2095.1185169491523,8410861.016949153,1984963200.0,236,Consumer Defensive,Packaged Foods,40051043991552,40881285496832.0,2.1187954,0.17131001,0.08781999,26.627,-0.047,0.374,-0.136,False,1,1
MYOR,2026,-0.0014234859621231667,0.0,0.02649906378151184,-0.13934932907287478,1895.2488888888888,11558296.581196582,1352320700.0,117,Consumer Defensive,Packaged Foods,40051043991552,40881285496832.0,2.1187954,0.17131001,0.08781999,26.627,-0.047,0.374,-0.136,False,1,1
PANI,2018,-0.0004518778800084862,0.0,0.041022148315675036,-0.03235747303543912,16.61093333333333,103600771.68,7770057876.0,74,Real Estate,Real Estate - Development,105078748872704,106479201812480.0,3.796209,0.08327,0.03302,1.562,0.815,9.871,-0.42,False,1,1
PANI,2019,-0.0012560671002948033,0.0,0.02814323432403931,-0.36146496815286633,8.206589147286822,10504432.670542635,2710143629.0,258,Real Estate,Real Estate - Development,105078748872704,106479201812480.0,3.796209,0.08327,0.03302,1.562,0.815,9.871,-0.42,False,1,1
PANI,2020,-0.000412799742511709,0.0,0.04158075734689269,0.06468305304010347,6.0780165289256205,682690.7768595042,165211168.0,242,Real Estate,Real Estate - Development,105078748872704,106479201812480.0,3.796209,0.08327,0.03302,1.562,0.815,9.871,-0.42,False,1,1
PANI,2021,0.0031248463977818428,0.0,0.043190001480994805,3.670578469783669,37.315020242914976,6765553.829959515,1671091796.0,247,Real Estate,Real Estate - Development,105078748872704,106479201812480.0,3.796209,0.08327,0.03302,1.562,0.815,9.871,-0.42,False,1,1
PANI,2022,0.0014049725635063167,0.0,0.043190001480994805,3.670578469783669,671.5236991869918,7573204.5040650405,1863008308.0,246,Real Estate,Real Estate - Development,105078748872704,106479201812480.0,3.796209,0.08327,0.03302,1.562,0.815,9.871,-0.42,False,1,1
PANI,2023,0.005003770676195123,0.0,0.034283820978231294,3.670578469783669,2510.2518410041844,9549962.343096234,2282441000.0,239,Real Estate,Real Estate - Development,105078748872704,106479201812480.0,3.796209,0.08327,0.03302,1.562,0.815,9.871,-0.42,False,1,1
PANI,2024,0.005003770676195123,0.0,0.03193498276537301,2.185391724448572,8125.361265822785,9563812.23628692,2266623500.0,237,Real Estate,Real Estate - Development,105078748872704,106479201812480.0,3.796209,0.08327,0.03302,1.562,0.815,9.871,-0.42,False,1,1
PANI,2025,5.7149344221704855e-05,-0.002312633958002408,0.03744717973449551,-0.27246167954175504,13073.725211864406,13261212.29237288,3129646101.0,236,Real Estate,Real Estate - Development,105078748872704,106479201812480.0,3.796209,0.08327,0.03302,1.562,0.815,9.871,-0.42,False,1,1
PANI,2026,-0.005282875108586389,-0.00921600903359554,0.038326656441405774,-0.5402586758340144,8727.013076923076,8264896.581196581,966992900.0,117,Real Estate,Real Estate - Development,105078748872704,106479201812480.0,3.796209,0.08327,0.03302,1.562,0.815,9.871,-0.42,False,1,1
PGAS,2010,0.0006347110556556035,0.0,0.019514984957292238,0.1641225999688365,1787.307224489796,32478924.81632653,7957336580.0,244,Utilities,Utilities - Regulated Gas,33089659076608,33090277736448.0,11666.667,0.10092,0.05302,29.053,-0.038,0.458,0.1,False,1,1
PGAS,2011,-0.0008124084868748063,0.0,0.02207058409800219,-0.26117903116697216,1650.6267206477733,38340631.578947365,9470136000.0,247,Utilities,Utilities - Regulated Gas,33089659076608,33090277736448.0,11666.667,0.10092,0.05302,29.053,-0.038,0.458,0.1,False,1,1
PGAS,2012,0.0016483220496836886,0.0,0.018459375689156787,0.5488144905494927,1866.2363821138213,23300941.113821138,5732031514.0,246,Utilities,Utilities - Regulated Gas,33089659076608,33090277736448.0,11666.667,0.10092,0.05302,29.053,-0.038,0.458,0.1,False,1,1
PGAS,2013,8.702906137478893e-05,0.0,0.02476827933056334,0.005444927061862392,2655.87,17535542.020491805,4278672253.0,244,Utilities,Utilities - Regulated Gas,33089659076608,33090277736448.0,11666.667,0.10092,0.05302,29.053,-0.038,0.458,0.1,False,1,1
PGAS,2014,0.0013624516214298507,0.0,0.015385389119751873,0.3564764488877097,2877.1327049180327,20083163.93442623,4900292000.0,244,Utilities,Utilities - Regulated Gas,33089659076608,33090277736448.0,11666.667,0.10092,0.05302,29.053,-0.038,0.458,0.1,False,1,1
PGAS,2015,-0.0026662765076390406,0.0,0.026415944475869087,-0.5262469228892683,2133.4409387755104,32804413.06122449,8037081200.0,245,Utilities,Utilities - Regulated Gas,33089659076608,33090277736448.0,11666.667,0.10092,0.05302,29.053,-0.038,0.458,0.1,False,1,1
PGAS,2016,-0.00018496276744056628,0.0,0.024986014793026343,0.050302269088499996,1477.480081300813,43579234.55284553,10720491700.0,246,Utilities,Utilities - Regulated Gas,33089659076608,33090277736448.0,11666.667,0.10092,0.05302,29.053,-0.038,0.458,0.1,False,1,1
PGAS,2017,-0.0018540389302531563,0.0,0.021940942978799033,-0.33142128744423205,1270.6722047244093,40197232.67716535,10210097100.0,254,Utilities,Utilities - Regulated Gas,33089659076608,33090277736448.0,11666.667,0.10092,0.05302,29.053,-0.038,0.458,0.1,False,1,1
PGAS,2018,0.0007999453749654611,0.0,0.0314830938113492,0.2316000511041445,1238.1489655172413,89383501.14942528,23329093800.0,261,Utilities,Utilities - Regulated Gas,33089659076608,33090277736448.0,11666.667,0.10092,0.05302,29.053,-0.038,0.458,0.1,False,1,1
PGAS,2019,0.0007138969296201698,0.0,0.02271359811636866,0.050303625148620634,1304.3490272373542,46410097.27626459,11927395000.0,257,Utilities,Utilities - Regulated Gas,33089659076608,33090277736448.0,11666.667,0.10092,0.05302,29.053,-0.038,0.458,0.1,False,1,1
PGAS,2020,-0.0008778164397616908,0.0,0.03654286764591231,-0.1885303996795168,765.9688429752066,148942864.46280992,36044173200.0,242,Utilities,Utilities - Regulated Gas,33089659076608,33090277736448.0,11666.667,0.10092,0.05302,29.053,-0.038,0.458,0.1,False,1,1
PGAS,2021,-0.0008522564774868054,-0.003537346009807152,0.02612438469757175,-0.10714905165641286,826.4408906882591,153187946.15384614,37837422700.0,247,Utilities,Utilities - Regulated Gas,33089659076608,33090277736448.0,11666.667,0.10092,0.05302,29.053,-0.038,0.458,0.1,False,1,1
PGAS,2022,0.001298929450032882,0.0,0.022417796456547442,0.35189612022041894,1090.3715447154473,95613757.72357723,23520984400.0,246,Utilities,Utilities - Regulated Gas,33089659076608,33090277736448.0,11666.667,0.10092,0.05302,29.053,-0.038,0.458,0.1,False,1,1
PGAS,2023,-0.0014194442407463356,0.0,0.016646211304316417,-0.2795112939793434,999.3476987447699,48702053.974895395,11639790900.0,239,Utilities,Utilities - Regulated Gas,33089659076608,33090277736448.0,11666.667,0.10092,0.05302,29.053,-0.038,0.458,0.1,False,1,1
PGAS,2024,0.0017795588176808125,0.0,0.018195054898900234,0.538209165578827,1164.2701265822786,46898856.11814346,11115028900.0,237,Utilities,Utilities - Regulated Gas,33089659076608,33090277736448.0,11666.667,0.10092,0.05302,29.053,-0.038,0.458,0.1,False,1,1
PGAS,2025,0.0012165850900953796,0.0,0.018937180055162157,0.3131791110089226,1494.7296610169492,42561125.0,10044425500.0,236,Utilities,Utilities - Regulated Gas,33089659076608,33090277736448.0,11666.667,0.10092,0.05302,29.053,-0.038,0.458,0.1,False,1,1
PGAS,2026,-0.0014365357999464492,0.0,0.024756511956457637,-0.23702950152594093,1800.719487179487,45558867.52136752,5330387500.0,117,Utilities,Utilities - Regulated Gas,33089659076608,33090277736448.0,11666.667,0.10092,0.05302,29.053,-0.038,0.458,0.1,False,1,1
POWR,2016,-0.0015437768750644215,0.0,0.022041719040569795,-0.1603683852947838,626.713037037037,4142357.777777778,559218300.0,134,Utilities,Utilities - Independent Power Producers,11096050106368,11175327694848.0,15217.392,0.09977999,0.044120003,47.101,-0.054,0.035,0.039,False,1,1
POWR,2017,0.00019366275821385592,0.0,0.021107308317708372,0.06378005142682475,530.5541897233202,1162079.4466403162,294006100.0,253,Utilities,Utilities - Independent Power Producers,11096050106368,11175327694848.0,15217.392,0.09977999,0.044120003,47.101,-0.054,0.035,0.039,False,1,1
POWR,2018,-0.001193547135022719,0.0,0.019090542918767398,-0.26766396213657884,496.13885057471265,529216.4750957855,138125500.0,261,Utilities,Utilities - Independent Power Producers,11096050106368,11175327694848.0,15217.392,0.09977999,0.044120003,47.101,-0.054,0.035,0.039,False,1,1
POWR,2019,0.0007991388124462179,0.0,0.01764184687095096,0.2044547028274668,478.661906614786,2968520.233463035,762909700.0,257,Utilities,Utilities - Independent Power Producers,11096050106368,11175327694848.0,15217.392,0.09977999,0.044120003,47.101,-0.054,0.035,0.039,False,1,1
POWR,2020,-0.0011470014641700441,0.0,0.025407116709551137,-0.21974589425675028,364.21190082644625,8036469.834710744,1944825700.0,242,Utilities,Utilities - Independent Power Producers,11096050106368,11175327694848.0,15217.392,0.09977999,0.044120003,47.101,-0.054,0.035,0.039,False,1,1
POWR,2021,-0.00023351680599132673,0.0,0.013340901879423597,-0.07559467975082379,394.06311740890686,7801672.469635627,1927013100.0,247,Utilities,Utilities - Independent Power Producers,11096050106368,11175327694848.0,15217.392,0.09977999,0.044120003,47.101,-0.054,0.035,0.039,False,1,1
POWR,2022,0.0006700325882904969,0.0,0.009922146361366149,0.17919030025498262,433.4521138211382,3266660.975609756,803598600.0,246,Utilities,Utilities - Independent Power Producers,11096050106368,11175327694848.0,15217.392,0.09977999,0.044120003,47.101,-0.054,0.035,0.039,False,1,1
POWR,2023,0.0007329560987935223,0.0,0.010381789522487441,0.19145649919463392,504.9297907949791,3880660.669456067,927477900.0,239,Utilities,Utilities - Independent Power Producers,11096050106368,11175327694848.0,15217.392,0.09977999,0.044120003,47.101,-0.054,0.035,0.039,False,1,1
POWR,2024,0.0003669998643743998,0.0,0.00810985534147168,0.09862543596247453,544.20805907173,3898441.7721518986,923930700.0,237,Utilities,Utilities - Independent Power Producers,11096050106368,11175327694848.0,15217.392,0.09977999,0.044120003,47.101,-0.054,0.035,0.039,False,1,1
POWR,2025,0.0004456659016194185,0.0,0.009266640251938553,0.11090739326033461,612.0928389830509,3793248.305084746,895206600.0,236,Utilities,Utilities - Independent Power Producers,11096050106368,11175327694848.0,15217.392,0.09977999,0.044120003,47.101,-0.054,0.035,0.039,False,1,1
POWR,2026,0.0005760009621290043,0.0,0.010473823451009731,0.062118775225320944,682.9561538461538,5617514.52991453,657249200.0,117,Utilities,Utilities - Independent Power Producers,11096050106368,11175327694848.0,15217.392,0.09977999,0.044120003,47.101,-0.054,0.035,0.039,False,1,1
PTBA,2010,0.0011690961434049434,0.0,0.021085882797739878,0.33010709159827756,841.5392244897959,16901960.979591835,4140980440.0,244,Energy,Thermal Coal,26367877971968,24584180989952.0,1.1204559,0.14413999,0.05271,11.489,-0.003,1.047,-0.407,False,1,1
PTBA,2011,-0.0008359534607770004,0.0,0.022241760903854296,-0.2550352178024444,940.9552226720648,14205465.587044535,3508750000.0,247,Energy,Thermal Coal,26367877971968,24584180989952.0,1.1204559,0.14413999,0.05271,11.489,-0.003,1.047,-0.407,False,1,1
PTBA,2012,-0.00017123802727416938,0.0,0.021058391412587335,-0.09059849338632187,845.4072357723577,12257520.711382113,3015350095.0,246,Energy,Thermal Coal,26367877971968,24584180989952.0,1.1204559,0.14413999,0.05271,11.489,-0.003,1.047,-0.407,False,1,1
PTBA,2013,-0.0014675657023253852,-0.003248882639979467,0.02876291582305057,-0.35372951356240856,700.6655327868853,7690117.786885246,1876388740.0,244,Energy,Thermal Coal,26367877971968,24584180989952.0,1.1204559,0.14413999,0.05271,11.489,-0.003,1.047,-0.407,False,1,1
PTBA,2014,0.001029369470255201,0.0,0.02223423756182757,0.2590853262047541,619.9970081967213,16231247.950819673,3960424500.0,244,Energy,Thermal Coal,26367877971968,24584180989952.0,1.1204559,0.14413999,0.05271,11.489,-0.003,1.047,-0.407,False,1,1
PTBA,2015,-0.003948450188133895,-0.004282405286804902,0.025972845022616816,-0.6233064294098043,470.4711428571428,17532940.81632653,4295570500.0,245,Energy,Thermal Coal,26367877971968,24584180989952.0,1.1204559,0.14413999,0.05271,11.489,-0.003,1.047,-0.407,False,1,1
PTBA,2016,0.00406172801510623,0.0,0.0316516472715441,1.996305814327016,505.3422764227642,21328935.12195122,5246918040.0,246,Energy,Thermal Coal,26367877971968,24584180989952.0,1.1204559,0.14413999,0.05271,11.489,-0.003,1.047,-0.407,False,1,1
PTBA,2017,0.0005413439453896215,0.0,0.02342162677105019,0.0066738139908870675,710.0638582677166,17366494.881889764,4411089700.0,254,Energy,Thermal Coal,26367877971968,24584180989952.0,1.1204559,0.14413999,0.05271,11.489,-0.003,1.047,-0.407,False,1,1
PTBA,2018,0.002870588486559443,0.0,0.02507524750127314,0.9240794483346202,1251.9937164750957,31739118.77394636,8283910000.0,261,Energy,Thermal Coal,26367877971968,24584180989952.0,1.1204559,0.14413999,0.05271,11.489,-0.003,1.047,-0.407,False,1,1
PTBA,2019,-0.001503540833954319,0.0,0.02037330044996702,-0.32050811925304246,1119.160428015564,22355982.490272373,5745487500.0,257,Energy,Thermal Coal,26367877971968,24584180989952.0,1.1204559,0.14413999,0.05271,11.489,-0.003,1.047,-0.407,False,1,1
PTBA,2020,0.0006844027052964311,0.0,0.03150567336768392,0.23269345636547145,872.6360330578513,46268503.71900827,11196977900.0,242,Energy,Thermal Coal,26367877971968,24584180989952.0,1.1204559,0.14413999,0.05271,11.489,-0.003,1.047,-0.407,False,1,1
PTBA,2021,-2.1841204379889033e-05,0.0,0.021961243596145458,0.00175017880432482,1082.2014170040486,34976557.085020244,8639209600.0,247,Energy,Thermal Coal,26367877971968,24584180989952.0,1.1204559,0.14413999,0.05271,11.489,-0.003,1.047,-0.407,False,1,1
PTBA,2022,0.001909243454428548,0.002318105071299481,0.02299830490516892,0.6234451596402233,1822.984918699187,40251390.6504065,9901842100.0,246,Energy,Thermal Coal,26367877971968,24584180989952.0,1.1204559,0.14413999,0.05271,11.489,-0.003,1.047,-0.407,False,1,1
PTBA,2023,-0.0002973074307089252,0.0,0.02139910420136889,-0.06114314522481645,1906.330878661088,23091721.338912133,5518921400.0,239,Energy,Thermal Coal,26367877971968,24584180989952.0,1.1204559,0.14413999,0.05271,11.489,-0.003,1.047,-0.407,False,1,1
PTBA,2024,0.0011201693955323088,0.0,0.01728772055406524,0.25766967141924657,2211.0838818565403,17274909.70464135,4094153600.0,237,Energy,Thermal Coal,26367877971968,24584180989952.0,1.1204559,0.14413999,0.05271,11.489,-0.003,1.047,-0.407,False,1,1
PTBA,2025,-0.00023216098310081083,0.0,0.01465940546054444,-0.028591045932289894,2272.6169491525425,14560872.881355932,3436366000.0,236,Energy,Thermal Coal,26367877971968,24584180989952.0,1.1204559,0.14413999,0.05271,11.489,-0.003,1.047,-0.407,False,1,1
PTBA,2026,0.00032850426164140464,0.0,0.022903134264487594,0.0330997956357173,2595.630256410256,27054707.692307692,3165400800.0,117,Energy,Thermal Coal,26367877971968,24584180989952.0,1.1204559,0.14413999,0.05271,11.489,-0.003,1.047,-0.407,False,1,1
PTPP,2010,0.0010600841026616186,0.0,0.023947884557964642,0.40011994935471695,594.5792694063927,14985890.237442922,3281909962.0,218,Industrials,Engineering & Construction,1070064074752,20242010996736.0,0.3332338,-0.82073,-0.09521,464.341,-0.192,-0.167,0.147,False,1,1
PTPP,2011,-0.002224154614223693,0.0,0.029920373416611846,-0.38006092143673065,439.6787044534413,9099161.558704453,2247492905.0,247,Industrials,Engineering & Construction,1070064074752,20242010996736.0,0.3332338,-0.82073,-0.09521,464.341,-0.192,-0.167,0.147,False,1,1
PTPP,2012,0.0022819232870231487,0.0,0.02496914441862489,0.7918212699242226,542.7886178861788,13828724.378048781,3401866197.0,246,Industrials,Engineering & Construction,1070064074752,20242010996736.0,0.3332338,-0.82073,-0.09521,464.341,-0.192,-0.167,0.147,False,1,1
PTPP,2013,0.0018300782739242975,0.0,0.03626557613019384,0.44983562462641946,991.1332786885246,32236134.68032787,7865616862.0,244,Industrials,Engineering & Construction,1070064074752,20242010996736.0,0.3332338,-0.82073,-0.09521,464.341,-0.192,-0.167,0.147,False,1,1
PTPP,2014,0.004852465956147075,0.003766606803201178,0.02166112319094892,2.0485773419603746,1789.1984016393442,17421100.782786883,4250748591.0,244,Industrials,Engineering & Construction,1070064074752,20242010996736.0,0.3332338,-0.82073,-0.09521,464.341,-0.192,-0.167,0.147,False,1,1
PTPP,2015,0.000390037827508967,0.0,0.02069238786462989,0.08531230308758664,3208.8924081632654,10464565.616326531,2563818576.0,245,Industrials,Engineering & Construction,1070064074752,20242010996736.0,0.3332338,-0.82073,-0.09521,464.341,-0.192,-0.167,0.147,False,1,1
PTPP,2016,0.00017278017377655568,-0.0011125918666676782,0.01942655326557883,0.06541473174587487,3410.6558536585367,8749922.81300813,2152481012.0,246,Industrials,Engineering & Construction,1070064074752,20242010996736.0,0.3332338,-0.82073,-0.09521,464.341,-0.192,-0.167,0.147,False,1,1
PTPP,2017,-0.0014215467962463057,-0.0028746378809874074,0.021392736237205404,-0.2969674663389923,2789.01468503937,17001153.1496063,4318292900.0,254,Industrials,Engineering & Construction,1070064074752,20242010996736.0,0.3332338,-0.82073,-0.09521,464.341,-0.192,-0.167,0.147,False,1,1
PTPP,2018,-0.0008258557476597326,0.0,0.028781315829287356,-0.3015371804754582,2094.7938697318004,14792634.48275862,3860877600.0,261,Industrials,Engineering & Construction,1070064074752,20242010996736.0,0.3332338,-0.82073,-0.09521,464.341,-0.192,-0.167,0.147,False,1,1
PTPP,2019,-0.0003468749347542534,0.0,0.02581280570866267,-0.10093957671832776,1865.3594941634242,21522970.428015564,5531403400.0,257,Industrials,Engineering & Construction,1070064074752,20242010996736.0,0.3332338,-0.82073,-0.09521,464.341,-0.192,-0.167,0.147,False,1,1
PTPP,2020,0.0008576849037943105,-0.0029495532310095385,0.03813664636041264,0.20527087897529372,1022.378347107438,51873892.14876033,12553481900.0,242,Industrials,Engineering & Construction,1070064074752,20242010996736.0,0.3332338,-0.82073,-0.09521,464.341,-0.192,-0.167,0.147,False,1,1
PTPP,2021,-0.0027085970443717637,-0.004773278752657539,0.03116502249719037,-0.4748010610079576,1244.251012145749,43837488.25910931,10827859600.0,247,Industrials,Engineering & Construction,1070064074752,20242010996736.0,0.3332338,-0.82073,-0.09521,464.341,-0.192,-0.167,0.147,False,1,1
PTPP,2022,-0.0013549689274160869,0.0,0.02287707631671679,-0.2990196078431373,929.3089430894308,22046629.67479675,5423470900.0,246,Industrials,Engineering & Construction,1070064074752,20242010996736.0,0.3332338,-0.82073,-0.09521,464.341,-0.192,-0.167,0.147,False,1,1
PTPP,2023,-0.002229974911296121,0.0,0.030194164251615675,-0.40555555555555556,613.6610878661088,17396923.430962343,4157864700.0,239,Industrials,Engineering & Construction,1070064074752,20242010996736.0,0.3332338,-0.82073,-0.09521,464.341,-0.192,-0.167,0.147,False,1,1
PTPP,2024,-0.002327981250826453,-0.005012541823544048,0.0286812318752173,-0.2533333333333333,419.32067510548524,48824318.143459916,11571363400.0,237,Industrials,Engineering & Construction,1070064074752,20242010996736.0,0.3332338,-0.82073,-0.09521,464.341,-0.192,-0.167,0.147,False,1,1
PTPP,2025,0.0004844866805144422,-0.004854635865070733,0.03104638262963496,0.14364640883977908,368.3135593220339,33104921.186440676,7812761400.0,236,Industrials,Engineering & Construction,1070064074752,20242010996736.0,0.3332338,-0.82073,-0.09521,464.341,-0.192,-0.167,0.147,False,1,1
PTPP,2026,-0.0054876681926763924,-0.006472514505618143,0.027821851919117215,-0.5821256038647342,285.5897435897436,15566928.205128206,1821330600.0,117,Industrials,Engineering & Construction,1070064074752,20242010996736.0,0.3332338,-0.82073,-0.09521,464.341,-0.192,-0.167,0.147,False,1,1
PWON,2010,0.0021998651473226155,0.0,0.02271904277180451,0.7307957795089244,141.01759183673468,50606710.1632653,12398643990.0,244,Real Estate,Real Estate - Diversified,11558304350208,15953760878592.0,0.50593954,0.110240005,0.05153,20.976,0.058,0.293,0.263,False,1,1
PWON,2011,-0.0005888772101221089,0.0,0.019621165674065518,-0.12565535518810855,171.75502024291498,31874058.90688259,7872892550.0,247,Real Estate,Real Estate - Diversified,11558304350208,15953760878592.0,0.50593954,0.110240005,0.05153,20.976,0.058,0.293,0.263,False,1,1
PWON,2012,0.000987011080885749,0.0,0.020806577932524307,0.19059695669137722,175.00987804878048,34255479.79268292,8426848029.0,246,Real Estate,Real Estate - Diversified,11558304350208,15953760878592.0,0.50593954,0.110240005,0.05153,20.976,0.058,0.293,0.263,False,1,1
PWON,2013,0.0014381131003770415,0.0,0.0340568599464324,0.21574089245726147,260.9922950819672,68403846.97131148,16690538661.0,244,Real Estate,Real Estate - Diversified,11558304350208,15953760878592.0,0.50593954,0.110240005,0.05153,20.976,0.058,0.293,0.263,False,1,1
PWON,2014,0.0025631327877548194,0.0,0.025447354611330658,0.8596430428002078,327.76032786885247,63383472.524590164,15465567296.0,244,Real Estate,Real Estate - Diversified,11558304350208,15953760878592.0,0.50593954,0.110240005,0.05153,20.976,0.058,0.293,0.263,False,1,1
PWON,2015,-0.00015387214801711706,0.0,0.028204048545128608,-0.07164756065049316,373.5068979591837,105996447.75510204,25969129700.0,245,Real Estate,Real Estate - Diversified,11558304350208,15953760878592.0,0.50593954,0.110240005,0.05153,20.976,0.058,0.293,0.263,False,1,1
PWON,2016,0.0005583940757407899,0.0,0.024649666141307924,0.1472467513820086,489.65077235772355,80567221.13821138,19819536400.0,246,Real Estate,Real Estate - Diversified,11558304350208,15953760878592.0,0.50593954,0.110240005,0.05153,20.976,0.058,0.293,0.263,False,1,1
PWON,2017,0.0008193741401486063,0.0,0.021335810431130545,0.22148518982060916,529.2129527559055,31634620.866141733,8035193700.0,254,Real Estate,Real Estate - Diversified,11558304350208,15953760878592.0,0.50593954,0.110240005,0.05153,20.976,0.058,0.293,0.263,False,1,1
PWON,2018,-0.00033838852641185834,0.0,0.024725488419839552,-0.08453157553195123,501.00785440613026,28749820.30651341,7503703100.0,261,Real Estate,Real Estate - Diversified,11558304350208,15953760878592.0,0.50593954,0.110240005,0.05153,20.976,0.058,0.293,0.263,False,1,1
PWON,2019,-0.0002888939056711457,0.0,0.02250654306979058,-0.07155648410684978,575.0887937743191,34235352.91828794,8798485700.0,257,Real Estate,Real Estate - Diversified,11558304350208,15953760878592.0,0.50593954,0.110240005,0.05153,20.976,0.058,0.293,0.263,False,1,1
PWON,2020,-0.0005774388624081294,0.0,0.03372792259964695,-0.10525998553403526,385.33611570247933,108772980.16528925,26323061200.0,242,Real Estate,Real Estate - Diversified,11558304350208,15953760878592.0,0.50593954,0.110240005,0.05153,20.976,0.058,0.293,0.263,False,1,1
PWON,2021,-0.00038084618197413184,0.0,0.023105277829656386,-0.10769501827952244,435.65433198380566,56745547.368421055,14016150200.0,247,Real Estate,Real Estate - Diversified,11558304350208,15953760878592.0,0.50593954,0.110240005,0.05153,20.976,0.058,0.293,0.263,False,1,1
PWON,2022,-3.4960852881156714e-05,0.0,0.02026404493453973,-0.020955165692007727,415.6471544715447,39747474.3902439,9777878700.0,246,Real Estate,Real Estate - Diversified,11558304350208,15953760878592.0,0.50593954,0.110240005,0.05153,20.976,0.058,0.293,0.263,False,1,1
PWON,2023,3.742446999330461e-05,0.0,0.015009113074447846,0.013423657634236585,402.40895397489544,30701280.334728032,7337606000.0,239,Real Estate,Real Estate - Diversified,11558304350208,15953760878592.0,0.50593954,0.110240005,0.05153,20.976,0.058,0.293,0.263,False,1,1
PWON,2024,-0.0004542726535283468,0.0,0.01795687056226157,-0.07770458576133776,391.06278481012663,40196491.56118143,9526568500.0,237,Real Estate,Real Estate - Diversified,11558304350208,15953760878592.0,0.50593954,0.110240005,0.05153,20.976,0.058,0.293,0.263,False,1,1
PWON,2025,-0.0004801050671597199,0.0,0.02008702903359941,-0.1289401397916724,347.84978813559326,50143700.423728816,11833913300.0,236,Real Estate,Real Estate - Diversified,11558304350208,15953760878592.0,0.50593954,0.110240005,0.05153,20.976,0.058,0.293,0.263,False,1,1
PWON,2026,-0.0022706568220602196,0.0,0.021479232333955454,-0.25507480290520823,310.9383760683761,88509041.88034189,10355557900.0,117,Real Estate,Real Estate - Diversified,11558304350208,15953760878592.0,0.50593954,0.110240005,0.05153,20.976,0.058,0.293,0.263,False,1,1
PYFA,2010,0.00026720356150116217,0.0,0.030727202228951454,0.15450132796043592,112.49616326530612,10871873.469387755,2663609000.0,244,Healthcare,Drug Manufacturers - Specialty & Generic,2090035314688,7182900789248.0,2.9052057,-0.38741,-0.0152,539.737,0.118,,0.676,False,1,1
PYFA,2011,-0.00015022131592585394,0.0,0.030335808790827184,0.3858480088846581,163.8148987854251,10689042.510121457,2640193500.0,247,Healthcare,Drug Manufacturers - Specialty & Generic,2090035314688,7182900789248.0,2.9052057,-0.38741,-0.0152,539.737,0.118,,0.676,False,1,1
PYFA,2012,-0.0006688337362127315,0.0,0.02251611901701772,0.00566685746994855,175.85154471544718,1872124.0162601627,460542508.0,246,Healthcare,Drug Manufacturers - Specialty & Generic,2090035314688,7182900789248.0,2.9052057,-0.38741,-0.0152,539.737,0.118,,0.676,False,1,1
PYFA,2013,-0.0006923175876709288,0.0,0.024081300143690136,-0.15517341207805002,162.5215573770492,2375307.3975409837,579575005.0,244,Healthcare,Drug Manufacturers - Specialty & Generic,2090035314688,7182900789248.0,2.9052057,-0.38741,-0.0152,539.737,0.118,,0.676,False,1,1
PYFA,2014,-0.0003489762021517197,0.0,0.013680732255051788,-0.09398242055442874,137.49135245901638,547433.606557377,133573800.0,244,Healthcare,Drug Manufacturers - Specialty & Generic,2090035314688,7182900789248.0,2.9052057,-0.38741,-0.0152,539.737,0.118,,0.676,False,1,1
PYFA,2015,-0.000842670689699481,0.0,0.022839849335892802,-0.15793061657324658,122.50302040816327,916728.5714285715,224598500.0,245,Healthcare,Drug Manufacturers - Specialty & Generic,2090035314688,7182900789248.0,2.9052057,-0.38741,-0.0152,539.737,0.118,,0.676,False,1,1
PYFA,2016,0.0009052204602975814,0.0,0.02737481708286938,0.8181152120157524,140.32361788617885,1241927.6422764228,305514200.0,246,Healthcare,Drug Manufacturers - Specialty & Generic,2090035314688,7182900789248.0,2.9052057,-0.38741,-0.0152,539.737,0.118,,0.676,False,1,1
PYFA,2017,-0.0004123488606374702,0.0,0.022995990471048774,-0.08225871448720534,198.5127559055118,179463.77952755906,45583800.0,254,Healthcare,Drug Manufacturers - Specialty & Generic,2090035314688,7182900789248.0,2.9052057,-0.38741,-0.0152,539.737,0.118,,0.676,False,1,1
PYFA,2018,0.0002011041039253042,0.0,0.031901534118760434,0.03276798946155113,187.8762835249042,16068.199233716476,4193800.0,261,Healthcare,Drug Manufacturers - Specialty & Generic,2090035314688,7182900789248.0,2.9052057,-0.38741,-0.0152,539.737,0.118,,0.676,False,1,1
PYFA,2019,0.000584599854594152,0.0,0.030058197709079932,0.05229591836734704,183.16517509727626,17126.848249027236,4401600.0,257,Healthcare,Drug Manufacturers - Specialty & Generic,2090035314688,7182900789248.0,2.9052057,-0.38741,-0.0152,539.737,0.118,,0.676,False,1,1
PYFA,2020,0.0017710851962387697,0.0,0.04092302306197308,3.670578469783669,577.5661157024794,2635418.5950413225,637771300.0,242,Healthcare,Drug Manufacturers - Specialty & Generic,2090035314688,7182900789248.0,2.9052057,-0.38741,-0.0152,539.737,0.118,,0.676,False,1,1
PYFA,2021,-0.0018065043092136536,0.0,0.030422844271753537,0.03571428571428581,1053.906882591093,2700263.967611336,666965200.0,247,Healthcare,Drug Manufacturers - Specialty & Generic,2090035314688,7182900789248.0,2.9052057,-0.38741,-0.0152,539.737,0.118,,0.676,False,1,1
PYFA,2022,-0.0006864539852519109,0.0,0.01621253598179542,-0.14778325123152714,985.7317073170732,125908.94308943089,30973600.0,246,Healthcare,Drug Manufacturers - Specialty & Generic,2090035314688,7182900789248.0,2.9052057,-0.38741,-0.0152,539.737,0.118,,0.676,False,1,1
PYFA,2023,5.676498389066002e-05,0.0,0.029101684614878526,0.3313953488372092,839.5188284518829,486587.8661087866,116294500.0,239,Healthcare,Drug Manufacturers - Specialty & Generic,2090035314688,7182900789248.0,2.9052057,-0.38741,-0.0152,539.737,0.118,,0.676,False,1,1
PYFA,2024,-0.0013935829351547084,0.0,0.04312197255684213,-0.6683060732428538,359.7967088607595,57869047.81434599,13714964332.0,237,Healthcare,Drug Manufacturers - Specialty & Generic,2090035314688,7182900789248.0,2.9052057,-0.38741,-0.0152,539.737,0.118,,0.676,False,1,1
PYFA,2025,0.00238967943130843,0.0,0.04013581653845904,1.144144144144144,365.3898305084746,57006337.288135596,13453495600.0,236,Healthcare,Drug Manufacturers - Specialty & Generic,2090035314688,7182900789248.0,2.9052057,-0.38741,-0.0152,539.737,0.118,,0.676,False,1,1
PYFA,2026,-0.0054876681926763924,-0.009523881511255716,0.04262520046866778,-0.6388349514563108,336.7692307692308,30578441.88034188,3577677700.0,117,Healthcare,Drug Manufacturers - Specialty & Generic,2090035314688,7182900789248.0,2.9052057,-0.38741,-0.0152,539.737,0.118,,0.676,False,1,1
ROTI,2010,0.004614948759944189,0.0,0.030945167356806146,0.7785360484314807,287.10136,13920220.0,1740027500.0,124,Consumer Defensive,Packaged Foods,3429588008960,3714290548736.0,1.6782725,0.10853,0.05945,30.824,0.013,-0.905,-0.221,False,1,1
ROTI,2011,0.000884441174988869,0.0,0.025064399562788813,0.23053775089524842,365.0357489878543,2365941.2955465587,584387500.0,247,Consumer Defensive,Packaged Foods,3429588008960,3714290548736.0,1.6782725,0.10853,0.05945,30.824,0.013,-0.905,-0.221,False,1,1
ROTI,2012,0.0029350779258609473,0.0,0.018848789834343148,1.138779084313235,567.8903658536585,1283211.5650406503,315670045.0,246,Consumer Defensive,Packaged Foods,3429588008960,3714290548736.0,1.6782725,0.10853,0.05945,30.824,0.013,-0.905,-0.221,False,1,1
ROTI,2013,-0.001154512261407778,0.0,0.02575164319319542,-0.26231316849965736,847.4281967213116,2724572.0286885244,664795575.0,244,Consumer Defensive,Packaged Foods,3429588008960,3714290548736.0,1.6782725,0.10853,0.05945,30.824,0.013,-0.905,-0.221,False,1,1
ROTI,2014,0.0012644886450415564,0.0,0.01941619987338368,0.34820635143351586,748.1583606557376,3450737.295081967,841979900.0,244,Consumer Defensive,Packaged Foods,3429588008960,3714290548736.0,1.6782725,0.10853,0.05945,30.824,0.013,-0.905,-0.221,False,1,1
ROTI,2015,-0.0003481234575566341,0.0,0.021888913992257716,-0.07590793672979701,750.4057551020409,3176174.285714286,778162700.0,245,Consumer Defensive,Packaged Foods,3429588008960,3714290548736.0,1.6782725,0.10853,0.05945,30.824,0.013,-0.905,-0.221,False,1,1
ROTI,2016,0.0009977955895129887,0.0,0.020189796798641746,0.29461335519069687,917.5991869918699,2428395.1219512196,597385200.0,246,Consumer Defensive,Packaged Foods,3429588008960,3714290548736.0,1.6782725,0.10853,0.05945,30.824,0.013,-0.905,-0.221,False,1,1
ROTI,2017,-0.0008586467025737294,0.0,0.016198410228128055,-0.19595196169598172,879.087125984252,3112597.6377952755,790599800.0,254,Consumer Defensive,Packaged Foods,3429588008960,3714290548736.0,1.6782725,0.10853,0.05945,30.824,0.013,-0.905,-0.221,False,1,1
ROTI,2018,-0.00021099791459049414,0.0,0.014961630729820555,-0.053581534978714984,708.7031417624521,1621446.7432950193,423197600.0,261,Consumer Defensive,Packaged Foods,3429588008960,3714290548736.0,1.6782725,0.10853,0.05945,30.824,0.013,-0.905,-0.221,False,1,1
ROTI,2019,0.0003408370576921045,0.0,0.008958701825073502,0.0915460915460915,820.6829182879378,1129478.59922179,290276000.0,257,Consumer Defensive,Packaged Foods,3429588008960,3714290548736.0,1.6782725,0.10853,0.05945,30.824,0.013,-0.905,-0.221,False,1,1
ROTI,2020,0.00027380258836908004,0.0,0.013020220304833604,0.06850473411540525,813.8632231404958,2652452.0661157025,641893400.0,242,Consumer Defensive,Packaged Foods,3429588008960,3714290548736.0,1.6782725,0.10853,0.05945,30.824,0.013,-0.905,-0.221,False,1,1
ROTI,2021,-0.00010665456571831205,0.0,0.014458459075779037,0.04381414359181646,916.8257489878542,1493278.1376518218,368839700.0,247,Consumer Defensive,Packaged Foods,3429588008960,3714290548736.0,1.6782725,0.10853,0.05945,30.824,0.013,-0.905,-0.221,False,1,1
ROTI,2022,6.33911094916405e-05,0.0,0.010026676097938643,0.019467058239219348,913.944105691057,1007888.6178861789,247940600.0,246,Consumer Defensive,Packaged Foods,3429588008960,3714290548736.0,1.6782725,0.10853,0.05945,30.824,0.013,-0.905,-0.221,False,1,1
ROTI,2023,-0.00029129790243241584,0.0,0.018182046582601558,-0.05653040236534257,1002.8940167364017,628434.309623431,150195800.0,239,Consumer Defensive,Packaged Foods,3429588008960,3714290548736.0,1.6782725,0.10853,0.05945,30.824,0.013,-0.905,-0.221,False,1,1
ROTI,2024,-0.00042514829721331974,0.0,0.012971596978049851,-0.09456892848260112,855.7935443037975,945381.8565400844,224055500.0,237,Consumer Defensive,Packaged Foods,3429588008960,3714290548736.0,1.6782725,0.10853,0.05945,30.824,0.013,-0.905,-0.221,False,1,1
ROTI,2025,-0.0005017731707910311,0.0,0.007575455367236447,-0.11167576071620311,744.2125,1032514.8305084746,243673500.0,236,Consumer Defensive,Packaged Foods,3429588008960,3714290548736.0,1.6782725,0.10853,0.05945,30.824,0.013,-0.905,-0.221,False,1,1
ROTI,2026,-0.001116603795927678,0.0,0.015653563637333463,-0.13713841148596084,651.1935042735042,2129088.034188034,249103300.0,117,Consumer Defensive,Packaged Foods,3429588008960,3714290548736.0,1.6782725,0.10853,0.05945,30.824,0.013,-0.905,-0.221,False,1,1
SIDO,2013,0.0,0.0,0.012961873308761817,0.0,186.71571428571428,189342489.14285713,1325397424.0,6,Consumer Defensive,Packaged Foods,10773282684928,10181493653504.0,3.30698,0.32823002,0.23064,0.049,-0.188,-0.35,-0.051,False,1,1
SIDO,2014,-0.00043004719870000076,0.0,0.017302374863758952,-0.13661035864657844,209.9225,29682606.00409836,7242555865.0,244,Consumer Defensive,Packaged Foods,10773282684928,10181493653504.0,3.30698,0.32823002,0.23064,0.049,-0.188,-0.35,-0.051,False,1,1
SIDO,2015,-0.00024714767961230537,0.0,0.020459702099121152,-0.05875440658049358,152.7292244897959,12614972.587755103,3090668284.0,245,Consumer Defensive,Packaged Foods,10773282684928,10181493653504.0,3.30698,0.32823002,0.23064,0.049,-0.188,-0.35,-0.051,False,1,1
SIDO,2016,-3.435521227608337e-05,0.0,0.018887236689093496,0.0009449414136322165,158.90029288702928,9681414.414225942,2313858045.0,239,Consumer Defensive,Packaged Foods,10773282684928,10181493653504.0,3.30698,0.32823002,0.23064,0.049,-0.188,-0.35,-0.051,False,1,1
SIDO,2017,0.0003805852961004823,0.0,0.0131325193095233,0.1010762162502361,164.32363636363635,6683612.735177865,1690954022.0,253,Consumer Defensive,Packaged Foods,10773282684928,10181493653504.0,3.30698,0.32823002,0.23064,0.049,-0.188,-0.35,-0.051,False,1,1
SIDO,2018,0.0018870107158685532,0.0,0.0171183627203354,0.6258931123178051,254.3900766283525,7319364.157088122,1910354045.0,261,Consumer Defensive,Packaged Foods,10773282684928,10181493653504.0,3.30698,0.32823002,0.23064,0.049,-0.188,-0.35,-0.051,False,1,1
SIDO,2019,0.0017907220963513661,0.0,0.019955888799244086,0.5781332395851644,364.57251937984495,6873395.984496124,1773336164.0,258,Consumer Defensive,Packaged Foods,10773282684928,10181493653504.0,3.30698,0.32823002,0.23064,0.049,-0.188,-0.35,-0.051,False,1,1
SIDO,2020,0.001028699918525056,0.0,0.023519327151995062,0.307437979851773,482.5030578512397,17556612.91322314,4248700325.0,242,Consumer Defensive,Packaged Foods,10773282684928,10181493653504.0,3.30698,0.32823002,0.23064,0.049,-0.188,-0.35,-0.051,False,1,1
SIDO,2021,0.0004975600329480963,0.0,0.014451672948757417,0.1449930399216346,602.0177327935223,13492349.789473685,3332610398.0,247,Consumer Defensive,Packaged Foods,10773282684928,10181493653504.0,3.30698,0.32823002,0.23064,0.049,-0.188,-0.35,-0.051,False,1,1
SIDO,2022,-0.00037919917923267285,0.0,0.01711488644078525,-0.09429795108265815,676.7801626016261,29190043.902439024,7180750800.0,246,Consumer Defensive,Packaged Foods,10773282684928,10181493653504.0,3.30698,0.32823002,0.23064,0.049,-0.188,-0.35,-0.051,False,1,1
SIDO,2023,-0.0011346599955754054,0.0,0.018395692800335747,-0.25685852159829015,566.7624686192469,27312154.81171548,6527605000.0,239,Consumer Defensive,Packaged Foods,10773282684928,10181493653504.0,3.30698,0.32823002,0.23064,0.049,-0.188,-0.35,-0.051,False,1,1
SIDO,2024,0.000729824242076438,0.0,0.018023544281578496,0.2238053383910812,558.6511392405064,32691437.552742615,7747870700.0,237,Consumer Defensive,Packaged Foods,10773282684928,10181493653504.0,3.30698,0.32823002,0.23064,0.049,-0.188,-0.35,-0.051,False,1,1
SIDO,2025,-3.885860643228141e-05,0.0,0.016637480115532333,-0.0006671495558691065,503.75237288135594,25565080.08474576,6033358900.0,236,Consumer Defensive,Packaged Foods,10773282684928,10181493653504.0,3.30698,0.32823002,0.23064,0.049,-0.188,-0.35,-0.051,False,1,1
SIDO,2026,-0.0030715682512025776,0.0,0.017416137195511657,-0.3018864325633738,472.38948717948716,19210948.717948716,2247681000.0,117,Consumer Defensive,Packaged Foods,10773282684928,10181493653504.0,3.30698,0.32823002,0.23064,0.049,-0.188,-0.35,-0.051,False,1,1
SKLT,2010,-5.12619264074609e-05,0.0,0.010089196800066716,-0.06666666666666665,10.773387755102041,27673.591836734693,6780030.0,244,Consumer Defensive,Packaged Foods,1079180132352,1569177337856.0,1.3686708,0.11632,0.05667,38.456,0.108,-0.365,-0.171,False,1,1
SKLT,2011,5.66773091358083e-05,0.0,0.0008907538327766917,0.014097744360902054,10.718947368421052,13765.182186234817,3400000.0,247,Consumer Defensive,Packaged Foods,1079180132352,1569177337856.0,1.3686708,0.11632,0.05667,38.456,0.108,-0.365,-0.171,False,1,1
SKLT,2012,0.0009060873230670581,0.0,0.007850234800429672,0.30491195551436534,12.2160162601626,20447.19512195122,5030010.0,246,Consumer Defensive,Packaged Foods,1079180132352,1569177337856.0,1.3686708,0.11632,0.05667,38.456,0.108,-0.365,-0.171,False,1,1
SKLT,2013,6.640673294452265e-05,0.0,0.001037306328915955,0.016335227272727293,14.19405737704918,26004.09836065574,6345000.0,244,Consumer Defensive,Packaged Foods,1079180132352,1569177337856.0,1.3686708,0.11632,0.05667,38.456,0.108,-0.365,-0.171,False,1,1
SKLT,2014,0.002234436208114047,0.0,0.020410270895132046,0.6862334032145352,30.54754098360656,2577.8688524590166,629000.0,244,Consumer Defensive,Packaged Foods,1079180132352,1569177337856.0,1.3686708,0.11632,0.05667,38.456,0.108,-0.365,-0.171,False,1,1
SKLT,2015,0.0009158614071178907,0.0,0.008428037387164133,0.25155408205553265,28.11077551020408,118.36734693877551,29000.0,245,Consumer Defensive,Packaged Foods,1079180132352,1569177337856.0,1.3686708,0.11632,0.05667,38.456,0.108,-0.365,-0.171,False,1,1
SKLT,2016,-0.0006445218780037243,0.0,0.008057307547135946,-0.15364238410596032,28.979024390243904,130.08130081300814,32000.0,246,Consumer Defensive,Packaged Foods,1079180132352,1569177337856.0,1.3686708,0.11632,0.05667,38.456,0.108,-0.365,-0.171,False,1,1
SKLT,2017,0.004671237299071219,0.0,0.026459360232318204,2.587245696400626,78.43590551181103,1775.5905511811025,451000.0,254,Consumer Defensive,Packaged Foods,1079180132352,1569177337856.0,1.3686708,0.11632,0.05667,38.456,0.108,-0.365,-0.171,False,1,1
SKLT,2018,0.0012824009198458663,0.0,0.010204545352607333,0.3715781437452286,106.46022988505747,616.8582375478927,161000.0,261,Consumer Defensive,Packaged Foods,1079180132352,1569177337856.0,1.3686708,0.11632,0.05667,38.456,0.108,-0.365,-0.171,False,1,1
SKLT,2019,0.00029770498621588915,0.0,0.0040980028989015035,0.0798346055979644,129.07899224806204,89.14728682170542,23000.0,258,Consumer Defensive,Packaged Foods,1079180132352,1569177337856.0,1.3686708,0.11632,0.05667,38.456,0.108,-0.365,-0.171,False,1,1
SKLT,2020,-0.001712218927000806,0.0,0.024274994023127387,-0.018851251840942607,132.50177685950413,4322.3140495867765,1046000.0,242,Consumer Defensive,Packaged Foods,1079180132352,1569177337856.0,1.3686708,0.11632,0.05667,38.456,0.108,-0.365,-0.171,False,1,1
SKLT,2021,-0.00012077113068153195,0.0,0.040265010600698994,0.6071013256841615,181.75202429149797,36072.87449392713,8910000.0,247,Consumer Defensive,Packaged Foods,1079180132352,1569177337856.0,1.3686708,0.11632,0.05667,38.456,0.108,-0.365,-0.171,False,1,1
SKLT,2022,-0.001449616989796383,0.0,0.02997600801823811,-0.17462614568258572,183.875,24727.642276422765,6083000.0,246,Consumer Defensive,Packaged Foods,1079180132352,1569177337856.0,1.3686708,0.11632,0.05667,38.456,0.108,-0.365,-0.171,False,1,1
SKLT,2023,0.0004883608708588987,0.0,0.03424347806075345,0.46142606662770325,247.83142259414225,437387.44769874477,104535600.0,239,Consumer Defensive,Packaged Foods,1079180132352,1569177337856.0,1.3686708,0.11632,0.05667,38.456,0.108,-0.365,-0.171,False,1,1
SKLT,2024,-0.0037735695506610125,-0.005264675965405807,0.029523300645752315,-0.27635159115107066,168.13506329113926,788275.1054852321,186821200.0,237,Consumer Defensive,Packaged Foods,1079180132352,1569177337856.0,1.3686708,0.11632,0.05667,38.456,0.108,-0.365,-0.171,False,1,1
SKLT,2025,0.000750265874293641,0.0,0.02211477316637226,0.3071083880062895,185.93957627118644,1167892.7966101696,275622700.0,236,Consumer Defensive,Packaged Foods,1079180132352,1569177337856.0,1.3686708,0.11632,0.05667,38.456,0.108,-0.365,-0.171,False,1,1
SKLT,2026,-0.002361277677180887,0.0,0.031313016736474596,-0.2823661177251421,220.42239316239315,871667.5213675214,101985100.0,117,Consumer Defensive,Packaged Foods,1079180132352,1569177337856.0,1.3686708,0.11632,0.05667,38.456,0.108,-0.365,-0.171,False,1,1
SMGR,2010,0.0008054900426157527,0.0,0.018540360702797614,0.2858509919438701,5710.515183673469,8209257.697959184,2011268136.0,244,Basic Materials,Building Materials,9429762179072,19117121732608.0,0.21654081,0.00438,0.0103400005,21.137,0.083,0.887,0.169,False,1,1
SMGR,2011,0.0009292395164642927,0.0,0.022766161210604905,0.19202959805336328,6237.945384615385,6923114.530364373,1710009289.0,247,Basic Materials,Building Materials,9429762179072,19117121732608.0,0.21654081,0.00438,0.0103400005,21.137,0.083,0.887,0.169,False,1,1
SMGR,2012,0.0015025748998394749,0.0,0.019430268948005248,0.4569168967789461,8833.960772357725,7102791.577235772,1747286728.0,246,Basic Materials,Building Materials,9429762179072,19117121732608.0,0.21654081,0.00438,0.0103400005,21.137,0.083,0.887,0.169,False,1,1
SMGR,2013,-8.638172077575723e-05,0.0,0.024843796548132464,-0.09485966371565768,11213.503852459016,8290006.336065574,2022761546.0,244,Basic Materials,Building Materials,9429762179072,19117121732608.0,0.21654081,0.00438,0.0103400005,21.137,0.083,0.887,0.169,False,1,1
SMGR,2014,0.0006641984281046557,0.0,0.017866448097529686,0.14755240760838517,11525.256229508197,7855355.610655738,1916706769.0,244,Basic Materials,Building Materials,9429762179072,19117121732608.0,0.21654081,0.00438,0.0103400005,21.137,0.083,0.887,0.169,False,1,1
SMGR,2015,-0.001292862294600602,0.0,0.025412151175480784,-0.27624828689278025,9140.19130612245,6277623.677551021,1538017801.0,245,Basic Materials,Building Materials,9429762179072,19117121732608.0,0.21654081,0.00438,0.0103400005,21.137,0.083,0.887,0.169,False,1,1
SMGR,2016,-0.0007425416994725958,0.0,0.01987665196454748,-0.14636105871215233,7719.119674796748,8248803.695121951,2029205709.0,246,Basic Materials,Building Materials,9429762179072,19117121732608.0,0.21654081,0.00438,0.0103400005,21.137,0.083,0.887,0.169,False,1,1
SMGR,2017,0.0004324838758585153,0.0,0.01730327507851147,0.11611165079268981,7905.422755905512,4766819.905511811,1210772256.0,254,Basic Materials,Building Materials,9429762179072,19117121732608.0,0.21654081,0.00438,0.0103400005,21.137,0.083,0.887,0.169,False,1,1
SMGR,2018,0.0005188848348289843,0.0,0.026407380206467098,0.179466980294692,7943.4400766283525,5272553.134099617,1376136368.0,261,Basic Materials,Building Materials,9429762179072,19117121732608.0,0.21654081,0.00438,0.0103400005,21.137,0.083,0.887,0.169,False,1,1
SMGR,2019,0.0003239582148381698,0.0,0.023511677951934137,0.0625810706711527,10449.374341085271,5941347.341085271,1532867614.0,258,Basic Materials,Building Materials,9429762179072,19117121732608.0,0.21654081,0.00438,0.0103400005,21.137,0.083,0.887,0.169,False,1,1
SMGR,2020,-0.00015836058138769517,-0.002088423361464642,0.031211495302168362,0.022796342290548166,8437.10958677686,5973780.3305785125,1445654840.0,242,Basic Materials,Building Materials,9429762179072,19117121732608.0,0.21654081,0.00438,0.0103400005,21.137,0.083,0.887,0.169,False,1,1
SMGR,2021,-0.002112669831960645,-0.005747450996885561,0.02458297489773221,-0.4127759925074729,8288.278097165992,8360230.55465587,2064976947.0,247,Basic Materials,Building Materials,9429762179072,19117121732608.0,0.21654081,0.00438,0.0103400005,21.137,0.083,0.887,0.169,False,1,1
SMGR,2022,-0.00027945095491747435,0.0,0.0211723961278595,-0.0696427919932362,6145.483048780488,11816172.43902439,2906778420.0,246,Basic Materials,Building Materials,9429762179072,19117121732608.0,0.21654081,0.00438,0.0103400005,21.137,0.083,0.887,0.169,False,1,1
SMGR,2023,6.628081543725576e-05,0.0,0.018108968396282715,0.008299871567736705,6017.458284518829,9200397.071129708,2198894900.0,239,Basic Materials,Building Materials,9429762179072,19117121732608.0,0.21654081,0.00438,0.0103400005,21.137,0.083,0.887,0.169,False,1,1
SMGR,2024,-0.0027160712233795935,-0.0026403205955833897,0.021821621273410925,-0.4812236983317879,4248.829029535865,19281450.210970465,4569703700.0,237,Basic Materials,Building Materials,9429762179072,19117121732608.0,0.21654081,0.00438,0.0103400005,21.137,0.083,0.887,0.169,False,1,1
SMGR,2025,-0.000839810372507521,-0.0032578583997713295,0.02852213996357131,-0.16637320838104042,2598.068898305085,12729486.86440678,3004158900.0,236,Basic Materials,Building Materials,9429762179072,19117121732608.0,0.21654081,0.00438,0.0103400005,21.137,0.083,0.887,0.169,False,1,1
SMGR,2026,-0.005457549640773341,-0.007633136569171306,0.032194882841127266,-0.46543053842599835,2254.42282051282,15010476.923076924,1756225800.0,117,Basic Materials,Building Materials,9429762179072,19117121732608.0,0.21654081,0.00438,0.0103400005,21.137,0.083,0.887,0.169,False,1,1
SMMT,2010,0.004505573380115422,0.0,0.024125147931711634,3.670578469783669,88.89620408163265,516956.05306122446,126654233.0,244,Energy,Thermal Coal,6027999707136,5908141703168.0,176000.0,0.05607,0.021259999,81.081,-0.209,-0.659,0.685,False,1,1
SMMT,2011,0.0,0.0,0.0,0.0,152.75,348052.18623481784,85968890.0,247,Energy,Thermal Coal,6027999707136,5908141703168.0,176000.0,0.05607,0.021259999,81.081,-0.209,-0.659,0.685,False,1,1
SMMT,2012,0.005001724912531113,0.0,0.02052164008986205,3.670578469783669,415.38764227642275,4465916.9959349595,1098615581.0,246,Energy,Thermal Coal,6027999707136,5908141703168.0,176000.0,0.05607,0.021259999,81.081,-0.209,-0.659,0.685,False,1,1
SMMT,2013,0.0019962795212704137,0.0,0.012508080283878748,0.605432897930875,1208.2349590163935,4225561.557377049,1031037020.0,244,Energy,Thermal Coal,6027999707136,5908141703168.0,176000.0,0.05607,0.021259999,81.081,-0.209,-0.659,0.685,False,1,1
SMMT,2014,0.00023454103633438792,0.0,0.008042221735284035,0.07715407377025185,1439.523155737705,3070300.6147540985,749153350.0,244,Energy,Thermal Coal,6027999707136,5908141703168.0,176000.0,0.05607,0.021259999,81.081,-0.209,-0.659,0.685,False,1,1
SMMT,2015,-0.0054876681926763924,0.0,0.03666261487490548,-0.6683060732428538,1176.6211020408164,279565.306122449,68493500.0,245,Energy,Thermal Coal,6027999707136,5908141703168.0,176000.0,0.05607,0.021259999,81.081,-0.209,-0.659,0.685,False,1,1
SMMT,2016,-0.0054876681926763924,-0.007147817780823296,0.043190001480994805,-0.03868441660140953,130.77256097560976,9689778.07317073,2383685406.0,246,Energy,Thermal Coal,6027999707136,5908141703168.0,176000.0,0.05607,0.021259999,81.081,-0.209,-0.659,0.685,False,1,1
SMMT,2017,-0.0017686090750393924,0.0,0.026174733636178518,-0.10736396220267197,111.72007874015749,5882798.425196851,1494230800.0,254,Energy,Thermal Coal,6027999707136,5908141703168.0,176000.0,0.05607,0.021259999,81.081,-0.209,-0.659,0.685,False,1,1
SMMT,2018,0.00013322216434702235,0.0,0.024717325651003704,0.2029567439313742,152.0403448275862,2124606.5134099615,554522300.0,261,Energy,Thermal Coal,6027999707136,5908141703168.0,176000.0,0.05607,0.021259999,81.081,-0.209,-0.659,0.685,False,1,1
SMMT,2019,-0.0015140545962599944,0.0,0.025690036866052514,-0.23122439690487018,117.35782945736435,410950.7751937985,106025300.0,258,Energy,Thermal Coal,6027999707136,5908141703168.0,176000.0,0.05607,0.021259999,81.081,-0.209,-0.659,0.685,False,1,1
SMMT,2020,-0.0011880573757460829,0.0,0.03357930860664072,-0.06450665622552865,76.38111570247933,699490.4958677687,169276700.0,242,Energy,Thermal Coal,6027999707136,5908141703168.0,176000.0,0.05607,0.021259999,81.081,-0.209,-0.659,0.685,False,1,1
SMMT,2021,-0.00027209813441330153,0.0,0.03431067960070026,0.7565171503957784,117.13060728744938,20752827.53036437,5125948400.0,247,Energy,Thermal Coal,6027999707136,5908141703168.0,176000.0,0.05607,0.021259999,81.081,-0.209,-0.659,0.685,False,1,1
SMMT,2022,0.0013945521704765932,0.0,0.043105367400158794,2.565481247724238,661.3785772357724,28195411.38211382,6936071200.0,246,Energy,Thermal Coal,6027999707136,5908141703168.0,176000.0,0.05607,0.021259999,81.081,-0.209,-0.659,0.685,False,1,1
SMMT,2023,0.002714547718846323,0.0,0.023440249713177385,0.5829248366013073,887.8467364016736,3850235.5648535565,920206300.0,239,Energy,Thermal Coal,6027999707136,5908141703168.0,176000.0,0.05607,0.021259999,81.081,-0.209,-0.659,0.685,False,1,1
SMMT,2024,-0.001036246619672202,0.0,0.01869931359124851,-0.1843575418994413,758.3966244725739,129305.90717299578,30645500.0,237,Energy,Thermal Coal,6027999707136,5908141703168.0,176000.0,0.05607,0.021259999,81.081,-0.209,-0.659,0.685,False,1,1
SMMT,2025,0.0016466364623714622,0.0,0.0310563272401075,0.9178082191780821,1059.5762711864406,323407.2033898305,76324100.0,236,Energy,Thermal Coal,6027999707136,5908141703168.0,176000.0,0.05607,0.021259999,81.081,-0.209,-0.659,0.685,False,1,1
SMMT,2026,0.0010407902472013794,0.0,0.04119924158011098,0.2571428571428571,1556.6666666666667,406779.4871794872,47593200.0,117,Energy,Thermal Coal,6027999707136,5908141703168.0,176000.0,0.05607,0.021259999,81.081,-0.209,-0.659,0.685,False,1,1
SMRA,2010,0.002509082725854319,0.0,0.02817272285153737,0.9328655578655578,372.79036734693875,22281806.697959185,5459042641.0,244,Real Estate,Real Estate - Development,4457313599488,19236340629504.0,0.3764042,0.07928,0.043330003,87.736,0.061,-0.203,0.379,False,1,1
SMRA,2011,0.0009161748260754772,0.0,0.025672934333504635,0.1581292263156704,456.3255060728745,12372124.700404858,3055914801.0,247,Real Estate,Real Estate - Development,4457313599488,19236340629504.0,0.3764042,0.07928,0.043330003,87.736,0.061,-0.203,0.379,False,1,1
SMRA,2012,0.001810700699030254,0.0,0.023041568818461502,0.5558007381514969,655.7032926829269,16842887.17886179,4143350246.0,246,Real Estate,Real Estate - Development,4457313599488,19236340629504.0,0.3764042,0.07928,0.043330003,87.736,0.061,-0.203,0.379,False,1,1
SMRA,2013,-0.0001713174254309997,0.0,0.03366303191203172,-0.145307912248535,885.8540573770492,27399535.86885246,6685486752.0,244,Real Estate,Real Estate - Development,4457313599488,19236340629504.0,0.3764042,0.07928,0.043330003,87.736,0.061,-0.203,0.379,False,1,1
SMRA,2014,0.0028755216834151966,0.0016010495945377734,0.026182413911469454,0.8857717718574751,1034.5402459016393,24206110.991803277,5906291082.0,244,Real Estate,Real Estate - Development,4457313599488,19236340629504.0,0.3764042,0.07928,0.043330003,87.736,0.061,-0.203,0.379,False,1,1
SMRA,2015,0.0006590936707607355,0.0,0.029790797867694726,0.07718793131594981,1422.685755102041,35412296.52244898,8676012648.0,245,Real Estate,Real Estate - Development,4457313599488,19236340629504.0,0.3764042,0.07928,0.043330003,87.736,0.061,-0.203,0.379,False,1,1
SMRA,2016,-0.000959136018345747,0.0,0.025043137979869002,-0.15639591527441998,1415.2032520325204,25937687.109756097,6380671029.0,246,Real Estate,Real Estate - Development,4457313599488,19236340629504.0,0.3764042,0.07928,0.043330003,87.736,0.061,-0.203,0.379,False,1,1
SMRA,2017,-0.0013054927024306945,0.0,0.02213866582733751,-0.2840179992129621,1041.8909448818897,21289532.023622047,5407541134.0,254,Real Estate,Real Estate - Development,4457313599488,19236340629504.0,0.3764042,0.07928,0.043330003,87.736,0.061,-0.203,0.379,False,1,1
SMRA,2018,-0.000596396160934561,0.0,0.02782870071786044,-0.14382154037326456,750.6271264367816,15974429.38697318,4169326070.0,261,Real Estate,Real Estate - Development,4457313599488,19236340629504.0,0.3764042,0.07928,0.043330003,87.736,0.061,-0.203,0.379,False,1,1
SMRA,2019,0.0008500973395672676,0.0,0.02883110693363648,0.25358304143349564,971.2976744186046,16895531.23255814,4359047058.0,258,Real Estate,Real Estate - Development,4457313599488,19236340629504.0,0.3764042,0.07928,0.043330003,87.736,0.061,-0.203,0.379,False,1,1
SMRA,2020,-0.0017807563266900492,-0.004721463795952285,0.03724530842847261,-0.19499669952226983,592.7904132231405,50143199.90495868,12134654377.0,242,Real Estate,Real Estate - Development,4457313599488,19236340629504.0,0.3764042,0.07928,0.043330003,87.736,0.061,-0.203,0.379,False,1,1
SMRA,2021,9.195092141337862e-05,-0.005223042283012624,0.02770616447797236,0.03824171676596655,793.3916194331985,41119448.78947368,10156503851.0,247,Real Estate,Real Estate - Development,4457313599488,19236340629504.0,0.3764042,0.07928,0.043330003,87.736,0.061,-0.203,0.379,False,1,1
SMRA,2022,-0.0014085874916928188,0.0,0.02524125305215218,-0.26297641127452265,604.764837398374,36802613.00813008,9053442800.0,246,Real Estate,Real Estate - Development,4457313599488,19236340629504.0,0.3764042,0.07928,0.043330003,87.736,0.061,-0.203,0.379,False,1,1
SMRA,2023,-0.00016886353233502524,0.0,0.02369824653934984,-0.031557128051177497,569.1882008368201,35355943.514644355,8450070500.0,239,Real Estate,Real Estate - Development,4457313599488,19236340629504.0,0.3764042,0.07928,0.043330003,87.736,0.061,-0.203,0.379,False,1,1
SMRA,2024,-0.0005983128532897922,0.0,0.02185294219590183,-0.14704655506991415,546.2534599156119,51805177.637130804,12277827100.0,237,Real Estate,Real Estate - Development,4457313599488,19236340629504.0,0.3764042,0.07928,0.043330003,87.736,0.061,-0.203,0.379,False,1,1
SMRA,2025,-0.0007775184614946336,-0.004486115679076974,0.020910803563634627,-0.2328042328042328,400.8805084745763,49271085.59322034,11627976200.0,236,Real Estate,Real Estate - Development,4457313599488,19236340629504.0,0.3764042,0.07928,0.043330003,87.736,0.061,-0.203,0.379,False,1,1
SMRA,2026,-0.002820253496868766,0.0,0.022278630974407555,-0.28478715795608056,333.91675213675217,33919577.777777776,3968590600.0,117,Real Estate,Real Estate - Development,4457313599488,19236340629504.0,0.3764042,0.07928,0.043330003,87.736,0.061,-0.203,0.379,False,1,1
TBIG,2010,-0.0005319094700502407,0.0,0.0225725350320493,0.0416513502050051,396.5444444444444,87505611.1111111,3937752500.0,44,Communication Services,Telecom Services,32194286321664,61191288258560.0,2.5589547,0.12106,0.059159998,221.158,-0.008,-0.059,-0.147,False,1,1
TBIG,2011,-8.600394083900375e-05,0.0,0.019598828335450246,-0.03919865356425434,336.05943319838053,12442206.477732794,3073225000.0,247,Communication Services,Telecom Services,32194286321664,61191288258560.0,2.5589547,0.12106,0.059159998,221.158,-0.008,-0.059,-0.147,False,1,1
TBIG,2012,0.003558835147312437,0.0,0.016595786529263704,1.4255039689338131,551.1921951219512,22517388.43495935,5539277555.0,246,Communication Services,Telecom Services,32194286321664,61191288258560.0,2.5589547,0.12106,0.059159998,221.158,-0.008,-0.059,-0.147,False,1,1
TBIG,2013,0.00021060780087973235,0.0,0.02259523648797203,0.07544939670032003,847.4529918032787,21331875.06147541,5204977515.0,244,Communication Services,Telecom Services,32194286321664,61191288258560.0,2.5589547,0.12106,0.059159998,221.158,-0.008,-0.059,-0.147,False,1,1
TBIG,2014,0.002139208163276667,0.0,0.018780292869906467,0.615696991647734,1143.7458606557377,15534375.0,3790387500.0,244,Communication Services,Telecom Services,32194286321664,61191288258560.0,2.5589547,0.12106,0.059159998,221.158,-0.008,-0.059,-0.147,False,1,1
TBIG,2015,-0.0019235487023739827,0.0,0.022540601866916542,-0.3896134124718462,1230.1258775510205,13961304.081632653,3420519500.0,245,Communication Services,Telecom Services,32194286321664,61191288258560.0,2.5589547,0.12106,0.059159998,221.158,-0.008,-0.059,-0.147,False,1,1
TBIG,2016,-0.0006015158935488506,0.0,0.01927390679804787,-0.10774975146232624,912.015081300813,12136227.642276423,2985512000.0,246,Communication Services,Telecom Services,32194286321664,61191288258560.0,2.5589547,0.12106,0.059159998,221.158,-0.008,-0.059,-0.147,False,1,1
TBIG,2017,0.0009153725650984356,0.0,0.023013985030780178,0.3243117185981732,959.5395669291338,10996383.858267717,2793081500.0,254,Communication Services,Telecom Services,32194286321664,61191288258560.0,2.5589547,0.12106,0.059159998,221.158,-0.008,-0.059,-0.147,False,1,1
TBIG,2018,-0.002092759566704485,0.0,0.02010024745425747,-0.4208595439114824,848.6002298850575,8478013.409961686,2212761500.0,261,Communication Services,Telecom Services,32194286321664,61191288258560.0,2.5589547,0.12106,0.059159998,221.158,-0.008,-0.059,-0.147,False,1,1
TBIG,2019,0.0022509267093022323,0.0,0.027043552063929215,0.7762086556978276,792.8396899224807,33890155.81395349,8743660200.0,258,Communication Services,Telecom Services,32194286321664,61191288258560.0,2.5589547,0.12106,0.059159998,221.158,-0.008,-0.059,-0.147,False,1,1
TBIG,2020,0.0009906873372146337,0.0,0.02994628482270924,0.3501787685254192,1060.8771487603306,46002221.48760331,11132537600.0,242,Communication Services,Telecom Services,32194286321664,61191288258560.0,2.5589547,0.12106,0.059159998,221.158,-0.008,-0.059,-0.147,False,1,1
TBIG,2021,0.0019278506830059186,0.0,0.028863292443709485,0.7464770961443958,2406.6663967611335,54673252.631578945,13504293400.0,247,Communication Services,Telecom Services,32194286321664,61191288258560.0,2.5589547,0.12106,0.059159998,221.158,-0.008,-0.059,-0.147,False,1,1
TBIG,2022,-0.0009591610975865271,0.0,0.018550335625577334,-0.2360809235374811,2506.007195121951,33915479.26829268,8343207900.0,246,Communication Services,Telecom Services,32194286321664,61191288258560.0,2.5589547,0.12106,0.059159998,221.158,-0.008,-0.059,-0.147,False,1,1
TBIG,2023,-0.000281775436645971,0.0,0.019066729016934122,-0.06104489519618983,1886.5793723849372,10572697.489539748,2526874700.0,239,Communication Services,Telecom Services,32194286321664,61191288258560.0,2.5589547,0.12106,0.059159998,221.158,-0.008,-0.059,-0.147,False,1,1
TBIG,2024,0.00012007945447775251,0.0,0.01705266463199598,0.014734267783695243,1797.2400843881858,3221263.2911392404,763439400.0,237,Communication Services,Telecom Services,32194286321664,61191288258560.0,2.5589547,0.12106,0.059159998,221.158,-0.008,-0.059,-0.147,False,1,1
TBIG,2025,0.0004746266489547628,0.0,0.0238798284518494,0.29050104072263006,1950.1117372881356,1492224.152542373,352164900.0,236,Communication Services,Telecom Services,32194286321664,61191288258560.0,2.5589547,0.12106,0.059159998,221.158,-0.008,-0.059,-0.147,False,1,1
TBIG,2026,-0.004620240925165006,0.0,0.029338205845049675,-0.4332305856617281,1646.970341880342,2901147.0085470085,339434200.0,117,Communication Services,Telecom Services,32194286321664,61191288258560.0,2.5589547,0.12106,0.059159998,221.158,-0.008,-0.059,-0.147,False,1,1
TIFA,2011,-0.0013630925872152205,0.0,0.03944056835256249,-0.19994093325457762,64.1663247863248,8354844.128205128,977516763.0,116,Financial Services,Credit Services,781486850048,1254705725440.0,0.63911873,0.050580002,0.034590002,40.127,-0.076,-0.501,0.003,False,0,1
TIFA,2012,-0.00011387770372056706,0.0,0.0298178305723521,0.2652100207195329,61.240528455284554,7776332.630081301,1912977827.0,246,Financial Services,Credit Services,781486850048,1254705725440.0,0.63911873,0.050580002,0.034590002,40.127,-0.076,-0.501,0.003,False,0,1
TIFA,2013,0.00026188659559797016,0.0,0.029240405319978055,0.29715646866160483,73.0391393442623,5524189.778688525,1347902306.0,244,Financial Services,Credit Services,781486850048,1254705725440.0,0.63911873,0.050580002,0.034590002,40.127,-0.076,-0.501,0.003,False,0,1
TIFA,2014,-0.0014578654303186297,0.0,0.020812640288060638,-0.2266727877883622,74.99200819672132,14845661.856557377,3622341493.0,244,Financial Services,Credit Services,781486850048,1254705725440.0,0.63911873,0.050580002,0.034590002,40.127,-0.076,-0.501,0.003,False,0,1
TIFA,2015,-0.0010769805531363698,0.0,0.02995416427140324,-0.31846743295019164,56.78877551020408,88792.52653061225,21754169.0,245,Financial Services,Credit Services,781486850048,1254705725440.0,0.63911873,0.050580002,0.034590002,40.127,-0.076,-0.501,0.003,False,0,1
TIFA,2016,0.0007226133964764204,0.0,0.021220425012540105,0.12815360571556145,47.31016260162601,103153.67073170732,25375803.0,246,Financial Services,Credit Services,781486850048,1254705725440.0,0.63911873,0.050580002,0.034590002,40.127,-0.076,-0.501,0.003,False,0,1
TIFA,2017,-5.6010854335611046e-05,0.0,0.028527810647816752,0.32515337423312873,58.08763779527559,3567872.6338582677,906239649.0,254,Financial Services,Credit Services,781486850048,1254705725440.0,0.63911873,0.050580002,0.034590002,40.127,-0.076,-0.501,0.003,False,0,1
TIFA,2018,-0.0007801444089706622,0.0,0.021384887422662136,-0.14829749103942647,62.739501915708814,964085.1954022988,251626236.0,261,Financial Services,Credit Services,781486850048,1254705725440.0,0.63911873,0.050580002,0.034590002,40.127,-0.076,-0.501,0.003,False,0,1
TIFA,2019,0.0013265005368460574,0.0,0.02506144769061706,0.5807469752761705,65.63511627906976,198319.08139534883,51166323.0,258,Financial Services,Credit Services,781486850048,1254705725440.0,0.63911873,0.050580002,0.034590002,40.127,-0.076,-0.501,0.003,False,0,1
TIFA,2020,0.0021247902944142444,0.0,0.029986187389544665,1.333333333333333,119.64863636363637,675480.4752066116,163466275.0,242,Financial Services,Credit Services,781486850048,1254705725440.0,0.63911873,0.050580002,0.034590002,40.127,-0.076,-0.501,0.003,False,0,1
TIFA,2021,-0.004195443200072646,0.0,0.043190001480994805,1.8090325647729975,480.3812955465587,243025.75708502025,60027362.0,247,Financial Services,Credit Services,781486850048,1254705725440.0,0.63911873,0.050580002,0.034590002,40.127,-0.076,-0.501,0.003,False,0,1
TIFA,2022,-0.0017629610480613708,0.0,0.02239997984625885,-0.305981567804149,502.779430894309,15149.18699186992,3726700.0,246,Financial Services,Credit Services,781486850048,1254705725440.0,0.63911873,0.050580002,0.034590002,40.127,-0.076,-0.501,0.003,False,0,1
TIFA,2023,0.0020908092581808316,0.0,0.02111389699818501,0.5046258372283525,438.4187447698745,2855.2301255230127,682400.0,239,Financial Services,Credit Services,781486850048,1254705725440.0,0.63911873,0.050580002,0.034590002,40.127,-0.076,-0.501,0.003,False,0,1
TIFA,2024,-0.0004977288853772406,0.0,0.016753807080123903,-0.15384861731597577,507.54147679324893,594.5147679324895,140900.0,237,Financial Services,Credit Services,781486850048,1254705725440.0,0.63911873,0.050580002,0.034590002,40.127,-0.076,-0.501,0.003,False,0,1
TIFA,2025,-0.0008057466283861117,0.0,0.027666571116237416,-0.11265446700603676,551.1840677966102,153542.37288135593,36236000.0,236,Financial Services,Credit Services,781486850048,1254705725440.0,0.63911873,0.050580002,0.034590002,40.127,-0.076,-0.501,0.003,False,0,1
TIFA,2026,-0.0054876681926763924,-0.006230155665149617,0.035299773743121515,-0.5423531369612249,350.59222222222223,183885.4700854701,21514600.0,117,Financial Services,Credit Services,781486850048,1254705725440.0,0.63911873,0.050580002,0.034590002,40.127,-0.076,-0.501,0.003,False,0,1
TINS,2010,0.0010457577610699115,0.0,0.027340011194730496,0.31315426266057966,1104.8133469387756,32874014.779591836,8054133621.0,244,Basic Materials,Other Industrial Metals & Mining,24726539862016,22302892752896.0,2.483216,0.30662,0.16028999,11.26,1.605,11.842,0.846,False,1,1
TINS,2011,-0.0014239327281828026,0.0,0.02284389076616816,-0.39201460400674026,1073.2972469635627,17968689.29959514,4438266257.0,247,Basic Materials,Other Industrial Metals & Mining,24726539862016,22302892752896.0,2.483216,0.30662,0.16028999,11.26,1.605,11.842,0.846,False,1,1
TINS,2012,-5.9738542824172537e-05,0.0,0.021806038775127424,-0.033864363974949296,757.9709349593496,9141938.869918698,2248916962.0,246,Basic Materials,Other Industrial Metals & Mining,24726539862016,22302892752896.0,2.483216,0.30662,0.16028999,11.26,1.605,11.842,0.846,False,1,1
TINS,2013,5.671820076014724e-05,0.0,0.02735542876627347,-0.017087811017523435,721.0975409836066,13107093.532786885,3198130822.0,244,Basic Materials,Other Industrial Metals & Mining,24726539862016,22302892752896.0,2.483216,0.30662,0.16028999,11.26,1.605,11.842,0.846,False,1,1
TINS,2014,0.0006848234779269199,0.0,0.02262012953518622,0.20088523159404037,972.1137704918033,15082475.885245902,3680124116.0,244,Basic Materials,Other Industrial Metals & Mining,24726539862016,22302892752896.0,2.483216,0.30662,0.16028999,11.26,1.605,11.842,0.846,False,1,1
TINS,2015,-0.003508048649252066,-0.005245383182454155,0.025788412947211434,-0.5675868380725353,619.7575102040817,7347715.918367347,1800190400.0,245,Basic Materials,Other Industrial Metals & Mining,24726539862016,22302892752896.0,2.483216,0.30662,0.16028999,11.26,1.605,11.842,0.846,False,1,1
TINS,2016,0.0029374442344455654,0.0,0.02939509528161548,1.2504854871701925,644.2090650406503,18868511.788617887,4641653900.0,246,Basic Materials,Other Industrial Metals & Mining,24726539862016,22302892752896.0,2.483216,0.30662,0.16028999,11.26,1.605,11.842,0.846,False,1,1
TINS,2017,-0.0012772431294516171,0.0,0.022435339360994344,-0.2708937364812002,724.6326377952756,18614866.92913386,4728176200.0,254,Basic Materials,Other Industrial Metals & Mining,24726539862016,22302892752896.0,2.483216,0.30662,0.16028999,11.26,1.605,11.842,0.846,False,1,1
TINS,2018,-1.7027069601141394e-05,0.0,0.022714713969736212,-0.004434204920231721,720.9781609195402,15878074.329501916,4144177400.0,261,Basic Materials,Other Industrial Metals & Mining,24726539862016,22302892752896.0,2.483216,0.30662,0.16028999,11.26,1.605,11.842,0.846,False,1,1
TINS,2019,-0.0002013046050875424,0.0,0.03169065224254282,0.11436043747028046,918.4417898832685,36740527.626459144,9442315600.0,257,Basic Materials,Other Industrial Metals & Mining,24726539862016,22302892752896.0,2.483216,0.30662,0.16028999,11.26,1.605,11.842,0.846,False,1,1
TINS,2020,0.0013396116492647196,0.0,0.03673912970241622,0.8,631.4489669421488,44518789.25619835,10773547000.0,242,Basic Materials,Other Industrial Metals & Mining,24726539862016,22302892752896.0,2.483216,0.30662,0.16028999,11.26,1.605,11.842,0.846,False,1,1
TINS,2021,-0.001283291348572294,-0.0030809979025026024,0.03382708966280152,-0.09907212974198365,1422.6092712550608,80745661.94331984,19944178500.0,247,Basic Materials,Other Industrial Metals & Mining,24726539862016,22302892752896.0,2.483216,0.30662,0.16028999,11.26,1.605,11.842,0.846,False,1,1
TINS,2022,-0.0007736637237628567,0.0,0.02563081629409654,-0.17875645600338474,1304.3270325203252,33493476.82926829,8239395300.0,246,Basic Materials,Other Industrial Metals & Mining,24726539862016,22302892752896.0,2.483216,0.30662,0.16028999,11.26,1.605,11.842,0.846,False,1,1
TINS,2023,-0.0023026965232586954,-0.004144068618968433,0.019036079501999138,-0.41827861057461346,832.1271129707113,10479326.778242677,2504559100.0,239,Basic Materials,Other Industrial Metals & Mining,24726539862016,22302892752896.0,2.483216,0.30662,0.16028999,11.26,1.605,11.842,0.846,False,1,1
TINS,2024,0.0016913668244802847,0.0,0.03396351206031141,0.6212138680721404,879.150506329114,39667334.17721519,9401158200.0,237,Basic Materials,Other Industrial Metals & Mining,24726539862016,22302892752896.0,2.483216,0.30662,0.16028999,11.26,1.605,11.842,0.846,False,1,1
TINS,2025,0.0031059667478339943,0.0,0.034015144325075394,2.0417885624974956,1500.6728389830507,49341834.3220339,11644672900.0,236,Basic Materials,Other Industrial Metals & Mining,24726539862016,22302892752896.0,2.483216,0.30662,0.16028999,11.26,1.605,11.842,0.846,False,1,1
TINS,2026,0.0024015841327111745,0.0,0.043190001480994805,0.08307017772790148,3493.8397435897436,63173645.299145296,7391316500.0,117,Basic Materials,Other Industrial Metals & Mining,24726539862016,22302892752896.0,2.483216,0.30662,0.16028999,11.26,1.605,11.842,0.846,False,1,1
TKIM,2010,0.0011659347962941651,0.0,0.027931657421121768,0.6801013059731684,1747.1740408163266,1304076.6163265307,319498771.0,244,Basic Materials,Paper & Paper Products,16733577412608,16811863048192.0,5518.4805,0.08911,0.01016,25.016,0.025,-0.172,0.373,False,1,1
TKIM,2011,-0.0012504963908614739,-0.005479164674665249,0.027491803837351513,-0.28561383568439147,1732.8817004048585,632341.6315789474,156188383.0,247,Basic Materials,Paper & Paper Products,16733577412608,16811863048192.0,5518.4805,0.08911,0.01016,25.016,0.025,-0.172,0.373,False,1,1
TKIM,2012,-0.0002481977597412232,0.0,0.021325576926117487,-0.09010933196152882,1724.9909349593497,237412.4918699187,58403473.0,246,Basic Materials,Paper & Paper Products,16733577412608,16811863048192.0,5518.4805,0.08911,0.01016,25.016,0.025,-0.172,0.373,False,1,1
TKIM,2013,-0.00037253749809228854,0.0,0.024357232222291605,-0.09938001203588376,1395.1096721311476,75315.1106557377,18376887.0,244,Basic Materials,Paper & Paper Products,16733577412608,16811863048192.0,5518.4805,0.08911,0.01016,25.016,0.025,-0.172,0.373,False,1,1
TKIM,2014,-0.0017706846581224639,0.0,0.020175330178773158,-0.3755283441074092,1054.3452049180328,925393.1147540984,225795920.0,244,Basic Materials,Paper & Paper Products,16733577412608,16811863048192.0,5518.4805,0.08911,0.01016,25.016,0.025,-0.172,0.373,False,1,1
TKIM,2015,-0.0025697358641135386,0.0,0.021933214150337853,-0.41945225577698986,644.9603673469388,252745.7142857143,61922700.0,245,Basic Materials,Paper & Paper Products,16733577412608,16811863048192.0,5518.4805,0.08911,0.01016,25.016,0.025,-0.172,0.373,False,1,1
TKIM,2016,0.0017150559746361362,0.0,0.024508323614384694,0.48682686435145217,626.290650406504,215831.36178861788,53094515.0,246,Basic Materials,Paper & Paper Products,16733577412608,16811863048192.0,5518.4805,0.08911,0.01016,25.016,0.025,-0.172,0.373,False,1,1
TKIM,2017,0.005003770676195123,0.0,0.032414270188918945,3.0173373560532015,1668.06905511811,1670138.5826771653,424215200.0,254,Basic Materials,Paper & Paper Products,16733577412608,16811863048192.0,5518.4805,0.08911,0.01016,25.016,0.025,-0.172,0.373,False,1,1
TKIM,2018,0.004570936968806067,0.0,0.03640908173298777,2.809794795853607,10329.68735632184,8651480.076628352,2258036300.0,261,Basic Materials,Paper & Paper Products,16733577412608,16811863048192.0,5518.4805,0.08911,0.01016,25.016,0.025,-0.172,0.373,False,1,1
TKIM,2019,-0.0004088037487842833,0.0,0.03324188798780583,-0.07041055626199633,10573.147548638131,1876994.1634241245,482387500.0,257,Basic Materials,Paper & Paper Products,16733577412608,16811863048192.0,5518.4805,0.08911,0.01016,25.016,0.025,-0.172,0.373,False,1,1
TKIM,2020,-0.0006543108760738319,-0.0039259578643777715,0.04047748965665312,-0.018684092427469934,6652.690991735537,10942766.94214876,2648149600.0,242,Basic Materials,Paper & Paper Products,16733577412608,16811863048192.0,5518.4805,0.08911,0.01016,25.016,0.025,-0.172,0.373,False,1,1
TKIM,2021,-0.0019689764263453374,-0.003441997544999964,0.03263260081624009,-0.29272423504701894,9425.948097165992,5653096.761133603,1396314900.0,247,Basic Materials,Paper & Paper Products,16733577412608,16811863048192.0,5518.4805,0.08911,0.01016,25.016,0.025,-0.172,0.373,False,1,1
TKIM,2022,-0.0002724417738970178,0.0,0.01902571529378574,-0.08086773561633898,7028.0633333333335,3205655.6910569104,788591300.0,246,Basic Materials,Paper & Paper Products,16733577412608,16811863048192.0,5518.4805,0.08911,0.01016,25.016,0.025,-0.172,0.373,False,1,1
TKIM,2023,0.000396989725867551,0.0,0.024312378872143343,0.03267902135373335,7082.900334728033,3083212.552301255,736887800.0,239,Basic Materials,Paper & Paper Products,16733577412608,16811863048192.0,5518.4805,0.08911,0.01016,25.016,0.025,-0.172,0.373,False,1,1
TKIM,2024,-0.0007777327283856583,0.0,0.02109481121464285,-0.16772584048310635,7296.19223628692,2219777.2151898732,526087200.0,237,Basic Materials,Paper & Paper Products,16733577412608,16811863048192.0,5518.4805,0.08911,0.01016,25.016,0.025,-0.172,0.373,False,1,1
TKIM,2025,0.0007735909944396795,0.0,0.024783381175350252,0.1979706130810157,6187.910720338983,1503780.5084745763,354892200.0,236,Basic Materials,Paper & Paper Products,16733577412608,16811863048192.0,5518.4805,0.08911,0.01016,25.016,0.025,-0.172,0.373,False,1,1
TKIM,2026,-0.0037274101949053926,0.0,0.03713221603571828,-0.2662116040955631,7723.974358974359,4187762.393162393,489968200.0,117,Basic Materials,Paper & Paper Products,16733577412608,16811863048192.0,5518.4805,0.08911,0.01016,25.016,0.025,-0.172,0.373,False,1,1
TLKM,2010,-0.0005996926013758376,0.0,0.0169292951916522,-0.13612309788780375,787.3365306122449,116486734.69387755,28539250000.0,244,Communication Services,Telecom Services,240826835795968,283265877409792.0,1.7936825,0.14214,0.07377,44.115,0.015,-0.216,0.103,False,1,1
TLKM,2011,-0.0004942252142171598,0.0,0.018045763939514237,-0.08227194941934135,722.5109311740891,89156204.45344129,22021582500.0,247,Communication Services,Telecom Services,240826835795968,283265877409792.0,1.7936825,0.14214,0.07377,44.115,0.015,-0.216,0.103,False,1,1
TLKM,2012,0.0012161402187075314,0.0,0.017307961730450287,0.3487395556061663,850.7482113821138,91660112.01219513,22548387555.0,246,Communication Services,Telecom Services,240826835795968,283265877409792.0,1.7936825,0.14214,0.07377,44.115,0.015,-0.216,0.103,False,1,1
TLKM,2013,0.0008522432585434019,0.0,0.02408507921603735,0.24490427507310097,1160.4819262295082,109724887.55327868,26772872563.0,244,Communication Services,Telecom Services,240826835795968,283265877409792.0,1.7936825,0.14214,0.07377,44.115,0.015,-0.216,0.103,False,1,1
TLKM,2014,0.0013608513760250043,0.0018082510139203478,0.0155503522628865,0.37779208894010785,1423.8613524590164,98507219.63934426,24035761592.0,244,Communication Services,Telecom Services,240826835795968,283265877409792.0,1.7936825,0.14214,0.07377,44.115,0.015,-0.216,0.103,False,1,1
TLKM,2015,0.00045602689839426404,0.0,0.014452087404227728,0.12016363546749487,1649.7856734693878,76501430.20408164,18742850400.0,245,Communication Services,Telecom Services,240826835795968,283265877409792.0,1.7936825,0.14214,0.07377,44.115,0.015,-0.216,0.103,False,1,1
TLKM,2016,0.001139188465518479,0.0,0.017377371544442022,0.3086993174339867,2265.8658536585367,90717469.91869919,22316497600.0,246,Communication Services,Telecom Services,240826835795968,283265877409792.0,1.7936825,0.14214,0.07377,44.115,0.015,-0.216,0.103,False,1,1
TLKM,2017,0.0005368101049849901,0.0,0.012354167058979628,0.14608268501895094,2655.996338582677,83268419.29133858,21150178500.0,254,Communication Services,Telecom Services,240826835795968,283265877409792.0,1.7936825,0.14214,0.07377,44.115,0.015,-0.216,0.103,False,1,1
TLKM,2018,-0.00039851172206035204,0.0,0.019041754251671636,-0.11642099537666573,2408.197816091954,91773291.57088123,23952829100.0,261,Communication Services,Telecom Services,240826835795968,283265877409792.0,1.7936825,0.14214,0.07377,44.115,0.015,-0.216,0.103,False,1,1
TLKM,2019,0.00038371340977994516,0.0,0.014257132102087365,0.10364059441291262,2674.2675097276265,77538878.21011673,19927491700.0,257,Communication Services,Telecom Services,240826835795968,283265877409792.0,1.7936825,0.14214,0.07377,44.115,0.015,-0.216,0.103,False,1,1
TLKM,2020,-0.0007185514668791408,0.0,0.025589661480033204,-0.1103492801830408,2217.814669421488,143046523.553719,34617258700.0,242,Communication Services,Telecom Services,240826835795968,283265877409792.0,1.7936825,0.14214,0.07377,44.115,0.015,-0.216,0.103,False,1,1
TLKM,2021,0.0010040963475497898,0.0,0.018283798796840812,0.2159632916742138,2549.4427530364374,102911248.98785426,25419078500.0,247,Communication Services,Telecom Services,240826835795968,283265877409792.0,1.7936825,0.14214,0.07377,44.115,0.015,-0.216,0.103,False,1,1
TLKM,2022,-0.00015677254067480813,0.0,0.016030283491933816,-0.07005813116463888,3272.246991869919,124058801.2195122,30518465100.0,246,Communication Services,Telecom Services,240826835795968,283265877409792.0,1.7936825,0.14214,0.07377,44.115,0.015,-0.216,0.103,False,1,1
TLKM,2023,0.0003898911936175113,0.0,0.012630551799014624,0.0832193164418582,3075.897615062762,91272682.42677824,21814171100.0,239,Communication Services,Telecom Services,240826835795968,283265877409792.0,1.7936825,0.14214,0.07377,44.115,0.015,-0.216,0.103,False,1,1
TLKM,2024,-0.0013394866218765034,0.0,0.01863483538529194,-0.27930125042663445,2679.715443037975,123401297.0464135,29246107400.0,237,Communication Services,Telecom Services,240826835795968,283265877409792.0,1.7936825,0.14214,0.07377,44.115,0.015,-0.216,0.103,False,1,1
TLKM,2025,0.0012983606326592478,0.0,0.023294866755177557,0.3904034707908235,2628.805,104788059.3220339,24729982000.0,236,Communication Services,Telecom Services,240826835795968,283265877409792.0,1.7936825,0.14214,0.07377,44.115,0.015,-0.216,0.103,False,1,1
TLKM,2026,-0.0012184127466310136,0.0,0.02754021050034353,-0.23949158142115334,2921.0112820512823,142759828.2051282,16702899900.0,117,Communication Services,Telecom Services,240826835795968,283265877409792.0,1.7936825,0.14214,0.07377,44.115,0.015,-0.216,0.103,False,1,1
TOTL,2010,0.0019044789910040011,0.0,0.03016380362783368,0.7561475409836065,60.294734693877544,10646901.06122449,2608490760.0,244,Industrials,Engineering & Construction,3529349791744,1781173452800.0,2.4572825,0.32836,0.05435,0.415,-0.011,0.373,0.262,False,1,1
TOTL,2011,0.0004538822963733644,0.0,0.026527856961111602,0.12799401197604787,85.42485829959513,2314522.267206478,571687000.0,247,Industrials,Engineering & Construction,3529349791744,1781173452800.0,2.4572825,0.32836,0.05435,0.415,-0.011,0.373,0.262,False,1,1
TOTL,2012,0.00449119321202059,0.0,0.028460892764344513,2.5279747832939323,187.07138211382113,7599335.394308943,1869436507.0,246,Industrials,Engineering & Construction,3529349791744,1781173452800.0,2.4572825,0.32836,0.05435,0.415,-0.011,0.373,0.262,False,1,1
TOTL,2013,-0.0016682402229529693,0.0,0.03413438852011798,-0.41074140093747935,330.61069672131146,8827193.331967212,2153835173.0,244,Industrials,Engineering & Construction,3529349791744,1781173452800.0,2.4572825,0.32836,0.05435,0.415,-0.011,0.373,0.262,False,1,1
TOTL,2014,0.003628141446202595,0.0,0.027301781745061354,1.1187105316765122,315.19315573770496,10177267.213114753,2483253200.0,244,Industrials,Engineering & Construction,3529349791744,1781173452800.0,2.4572825,0.32836,0.05435,0.415,-0.011,0.373,0.262,False,1,1
TOTL,2015,-0.001962073310597686,0.0,0.025068654226228372,-0.4218551150269213,320.3945714285714,3614030.612244898,885437500.0,245,Industrials,Engineering & Construction,3529349791744,1781173452800.0,2.4572825,0.32836,0.05435,0.415,-0.011,0.373,0.262,False,1,1
TOTL,2016,0.0008061185927233007,0.0,0.022504270134486866,0.338310598562761,288.48947154471546,5872384.211382113,1444606516.0,246,Industrials,Engineering & Construction,3529349791744,1781173452800.0,2.4572825,0.32836,0.05435,0.415,-0.011,0.373,0.262,False,1,1
TOTL,2017,-0.00035615582239692284,0.0,0.012906917188688489,-0.08649239574290213,315.9374803149606,1417382.6771653544,360015200.0,254,Industrials,Engineering & Construction,3529349791744,1781173452800.0,2.4572825,0.32836,0.05435,0.415,-0.011,0.373,0.262,False,1,1
TOTL,2018,-0.00033697070402236923,0.0,0.0142145161071498,-0.084192742247721,285.1712260536398,662356.3218390804,172875000.0,261,Industrials,Engineering & Construction,3529349791744,1781173452800.0,2.4572825,0.32836,0.05435,0.415,-0.011,0.373,0.262,False,1,1
TOTL,2019,-0.00070538673781662,0.0,0.012090843583420927,-0.16580191398593336,255.63828793774317,940881.7120622568,241806600.0,257,Industrials,Engineering & Construction,3529349791744,1781173452800.0,2.4572825,0.32836,0.05435,0.415,-0.011,0.373,0.262,False,1,1
TOTL,2020,-0.0007431310459635252,0.0,0.02452041449655364,-0.10776307143527653,164.6904132231405,4534810.743801652,1097424200.0,242,Industrials,Engineering & Construction,3529349791744,1781173452800.0,2.4572825,0.32836,0.05435,0.415,-0.011,0.373,0.262,False,1,1
TOTL,2021,-0.0005199735110999747,0.0,0.01664248358089701,-0.13314007661248572,172.01975708502025,2354998.3805668014,581684600.0,247,Industrials,Engineering & Construction,3529349791744,1781173452800.0,2.4572825,0.32836,0.05435,0.415,-0.011,0.373,0.262,False,1,1
TOTL,2022,0.00014216211858832602,0.0,0.01245620192699215,0.02264417973817645,173.32979674796746,1712784.5528455283,421345000.0,246,Industrials,Engineering & Construction,3529349791744,1781173452800.0,2.4572825,0.32836,0.05435,0.415,-0.011,0.373,0.262,False,1,1
TOTL,2023,0.0010297662038871245,0.0,0.019106253078554663,0.6292815130896092,241.20577405857742,5857209.20502092,1399873000.0,239,Industrials,Engineering & Construction,3529349791744,1781173452800.0,2.4572825,0.32836,0.05435,0.415,-0.011,0.373,0.262,False,1,1
TOTL,2024,0.0025452547707699273,0.0,0.026204145469330156,0.9654650425966342,446.68084388185656,5046672.573839663,1196061400.0,237,Industrials,Engineering & Construction,3529349791744,1781173452800.0,2.4572825,0.32836,0.05435,0.415,-0.011,0.373,0.262,False,1,1
TOTL,2025,0.0020243581884162526,0.0,0.022859898379428506,0.661427978564082,657.2186440677966,3246594.4915254237,766196300.0,236,Industrials,Engineering & Construction,3529349791744,1781173452800.0,2.4572825,0.32836,0.05435,0.415,-0.011,0.373,0.262,False,1,1
TOTL,2026,0.0009994493057346242,0.0,0.0219787551306262,0.13522940408682582,1003.7681196581196,3748691.452991453,438596900.0,117,Industrials,Engineering & Construction,3529349791744,1781173452800.0,2.4572825,0.32836,0.05435,0.415,-0.011,0.373,0.262,False,1,1
TOWR,2010,0.005003770676195123,0.0,0.04126916853973405,3.670578469783669,89.22636815920399,5701493.2835820895,1146000150.0,200,Real Estate,Real Estate Services,20723324157952,65768955838464.0,0.76831603,0.16016,0.060879998,162.985,0.108,0.0,-0.127,False,1,1
TOWR,2011,-0.0011636688929514097,0.0,0.019370747816647056,-0.22776927003573255,164.01246963562753,2005060.7287449392,495250000.0,247,Real Estate,Real Estate Services,20723324157952,65768955838464.0,0.76831603,0.16016,0.060879998,162.985,0.108,0.0,-0.127,False,1,1
TOWR,2012,0.0033540395559304883,0.0,0.02190824009964225,1.2699629825489156,246.60601626016262,982012.8048780488,241575150.0,246,Real Estate,Real Estate Services,20723324157952,65768955838464.0,0.76831603,0.16016,0.060879998,162.985,0.108,0.0,-0.127,False,1,1
TOWR,2013,0.0006002333368388516,0.0,0.01875742490162364,0.19563717882393505,401.6876639344262,1112419.262295082,271430300.0,244,Real Estate,Real Estate Services,20723324157952,65768955838464.0,0.76831603,0.16016,0.060879998,162.985,0.108,0.0,-0.127,False,1,1
TOWR,2014,0.0016865260080900428,0.0,0.01811692656236514,0.537030236259028,579.5440163934426,885727.4590163934,216117500.0,244,Real Estate,Real Estate Services,20723324157952,65768955838464.0,0.76831603,0.16016,0.060879998,162.985,0.108,0.0,-0.127,False,1,1
TOWR,2015,0.0005522652834130024,0.0,0.014729263302459487,0.18454716296857998,610.1752653061225,615661.224489796,150837000.0,245,Real Estate,Real Estate Services,20723324157952,65768955838464.0,0.76831603,0.16016,0.060879998,162.985,0.108,0.0,-0.127,False,1,1
TOWR,2016,-0.001069689586917847,0.0,0.017928044244658214,-0.23011202092573635,609.5183333333333,1074520.325203252,264332000.0,246,Real Estate,Real Estate Services,20723324157952,65768955838464.0,0.76831603,0.16016,0.060879998,162.985,0.108,0.0,-0.127,False,1,1
TOWR,2017,0.0005392577494758054,0.0,0.021046551584986337,0.14679542810716995,602.0014566929134,4890108.267716535,1242087500.0,254,Real Estate,Real Estate Services,20723324157952,65768955838464.0,0.76831603,0.16016,0.060879998,162.985,0.108,0.0,-0.127,False,1,1
TOWR,2018,-0.00029614171380465713,0.0,0.02339129846837113,-0.10124462620960595,473.57084291187743,9239165.134099618,2411422100.0,261,Real Estate,Real Estate Services,20723324157952,65768955838464.0,0.76831603,0.16016,0.060879998,162.985,0.108,0.0,-0.127,False,1,1
TOWR,2019,0.0007405108076144821,0.0,0.02264928674007998,0.20408821369067875,595.3935019455253,27465489.105058365,7058630700.0,257,Real Estate,Real Estate Services,20723324157952,65768955838464.0,0.76831603,0.16016,0.060879998,162.985,0.108,0.0,-0.127,False,1,1
TOWR,2020,0.0009115735535185034,0.0,0.025032800419758985,0.23334431236338582,800.2648760330579,143723273.14049587,34781032100.0,242,Real Estate,Real Estate Services,20723324157952,65768955838464.0,0.76831603,0.16016,0.060879998,162.985,0.108,0.0,-0.127,False,1,1
TOWR,2021,0.00037801627538810675,0.0,0.02003052700100389,0.18722218217640996,1035.2118218623482,76447059.10931174,18882423600.0,247,Real Estate,Real Estate Services,20723324157952,65768955838464.0,0.76831603,0.16016,0.060879998,162.985,0.108,0.0,-0.127,False,1,1
TOWR,2022,6.740544562597926e-06,0.0,0.01703933925192842,-0.0071614844533600674,976.6238617886179,57037260.97560976,14031166200.0,246,Real Estate,Real Estate Services,20723324157952,65768955838464.0,0.76831603,0.16016,0.060879998,162.985,0.108,0.0,-0.127,False,1,1
TOWR,2023,-0.0003612226948881344,0.0,0.019903671842787556,-0.11789034265504506,917.5286192468619,26647954.81171548,6368861200.0,239,Real Estate,Real Estate Services,20723324157952,65768955838464.0,0.76831603,0.16016,0.060879998,162.985,0.108,0.0,-0.127,False,1,1
TOWR,2024,-0.0016248064370360993,0.0,0.019139047144655887,-0.33533769998926233,755.5405907172996,50054796.62447257,11862986800.0,237,Real Estate,Real Estate Services,20723324157952,65768955838464.0,0.76831603,0.16016,0.060879998,162.985,0.108,0.0,-0.127,False,1,1
TOWR,2025,-0.000726903867922088,0.0,0.026757508950817,-0.05041085924970656,555.9833474576271,35368979.23728813,8347079100.0,236,Real Estate,Real Estate Services,20723324157952,65768955838464.0,0.76831603,0.16016,0.060879998,162.985,0.108,0.0,-0.127,False,1,1
TOWR,2026,-0.004334092425543215,-0.004206666392840397,0.02608121523035927,-0.38015809450847937,467.74282051282046,57505072.64957265,6728093500.0,117,Real Estate,Real Estate Services,20723324157952,65768955838464.0,0.76831603,0.16016,0.060879998,162.985,0.108,0.0,-0.127,False,1,1
TSPC,2010,0.003642967889742087,0.0,0.023935671570410016,1.4758118817009374,631.1966938775511,1343371.6244897959,329126048.0,244,Industrials,Conglomerates,11184463937536,7808682557440.0,1.1719912,0.14207,0.07564,11.214,0.042,-0.143,0.189,False,1,1
TSPC,2011,0.0015944782395482192,0.0,0.021347827600037093,0.5309314903210101,1236.0315384615383,557605.2631578947,137728500.0,247,Industrials,Conglomerates,11184463937536,7808682557440.0,1.1719912,0.14207,0.07564,11.214,0.042,-0.143,0.189,False,1,1
TSPC,2012,0.0016509197956356201,0.0,0.018444219653612603,0.5009920703505775,1628.9510569105692,829126.0731707317,203965014.0,246,Industrials,Conglomerates,11184463937536,7808682557440.0,1.1719912,0.14207,0.07564,11.214,0.042,-0.143,0.189,False,1,1
TSPC,2013,-0.00031518668002465883,0.0,0.02661890261814303,-0.09201712864818101,2124.387581967213,464826.43032786885,113417649.0,244,Industrials,Conglomerates,11184463937536,7808682557440.0,1.1719912,0.14207,0.07564,11.214,0.042,-0.143,0.189,False,1,1
TSPC,2014,-0.0004117529116713743,0.0,0.016688264911928343,-0.051825760371664864,1743.0593032786885,698661.475409836,170473400.0,244,Industrials,Conglomerates,11184463937536,7808682557440.0,1.1719912,0.14207,0.07564,11.214,0.042,-0.143,0.189,False,1,1
TSPC,2015,-0.0018802960497738492,0.0,0.013652313616480387,-0.34395461796709437,1253.9396326530614,693955.5102040817,170019100.0,245,Industrials,Conglomerates,11184463937536,7808682557440.0,1.1719912,0.14207,0.07564,11.214,0.042,-0.143,0.189,False,1,1
TSPC,2016,0.0005623520793453111,0.0,0.017689677334665824,0.1614770059509727,1255.735487804878,292606.55284552847,71981212.0,246,Industrials,Conglomerates,11184463937536,7808682557440.0,1.1719912,0.14207,0.07564,11.214,0.042,-0.143,0.189,False,1,1
TSPC,2017,-0.0002556434932366672,0.0,0.010583317746128817,-0.06287017016075958,1254.3212992125984,218121.6535433071,55402900.0,254,Industrials,Conglomerates,11184463937536,7808682557440.0,1.1719912,0.14207,0.07564,11.214,0.042,-0.143,0.189,False,1,1
TSPC,2018,-0.0008945652951954105,0.0,0.009133399371137883,-0.2082277898995979,1028.979540229885,200113.02681992337,52229500.0,261,Industrials,Conglomerates,11184463937536,7808682557440.0,1.1719912,0.14207,0.07564,11.214,0.042,-0.143,0.189,False,1,1
TSPC,2019,-0.00012013507668783147,0.0,0.016228841044960352,0.02900402276398739,1093.9350387596899,742977.519379845,191688200.0,258,Industrials,Conglomerates,11184463937536,7808682557440.0,1.1719912,0.14207,0.07564,11.214,0.042,-0.143,0.189,False,1,1
TSPC,2020,0.00018679914153821694,0.0,0.02120059269974677,0.06753812636165568,917.7052892561983,545581.4049586777,132030700.0,242,Industrials,Conglomerates,11184463937536,7808682557440.0,1.1719912,0.14207,0.07564,11.214,0.042,-0.143,0.189,False,1,1
TSPC,2021,-3.0693115191127937e-05,0.0,0.017538626721820175,0.11070214352824936,1106.965060728745,2624234.8178137653,648186000.0,247,Industrials,Conglomerates,11184463937536,7808682557440.0,1.1719912,0.14207,0.07564,11.214,0.042,-0.143,0.189,False,1,1
TSPC,2022,-3.6106079188770785e-05,0.0,0.005268590201753495,-0.005529889402212107,1105.874593495935,777484.1463414634,191261100.0,246,Industrials,Conglomerates,11184463937536,7808682557440.0,1.1719912,0.14207,0.07564,11.214,0.042,-0.143,0.189,False,1,1
TSPC,2023,0.001344859336647481,0.0,0.015575956468440158,0.4406645990252547,1363.9734309623432,3052122.5941422596,729457300.0,239,Industrials,Conglomerates,11184463937536,7808682557440.0,1.1719912,0.14207,0.07564,11.214,0.042,-0.143,0.189,False,1,1
TSPC,2024,0.001213807508772687,0.0,0.018306922331925567,0.4375575937115397,2047.2667088607595,3532983.1223628693,837317000.0,237,Industrials,Conglomerates,11184463937536,7808682557440.0,1.1719912,0.14207,0.07564,11.214,0.042,-0.143,0.189,False,1,1
TSPC,2025,0.0008654530646213483,0.0,0.014756249336413589,0.20206502117321534,2370.369872881356,1243839.8305084745,293546200.0,236,Industrials,Conglomerates,11184463937536,7808682557440.0,1.1719912,0.14207,0.07564,11.214,0.042,-0.143,0.189,False,1,1
TSPC,2026,-0.001188550718834772,0.0,0.012344157756725491,-0.12982456140350873,2574.4444444444443,1190787.1794871795,139322100.0,117,Industrials,Conglomerates,11184463937536,7808682557440.0,1.1719912,0.14207,0.07564,11.214,0.042,-0.143,0.189,False,1,1
ULTJ,2010,0.001172327018836586,0.0,0.03171461623872896,1.0862183203577938,188.62861224489797,5162139.102040816,1264724080.0,244,Consumer Defensive,Beverages - Non-Alcoholic,13569618870272,10099437338624.0,1.5559053,0.18201,0.12235,0.462,0.218,0.359,0.223,False,1,1
ULTJ,2011,-0.001046564276543185,0.0,0.02531511011598085,-0.10003602738080941,246.6361943319838,4659959.51417004,1151010000.0,247,Consumer Defensive,Beverages - Non-Alcoholic,13569618870272,10099437338624.0,1.5559053,0.18201,0.12235,0.462,0.218,0.359,0.223,False,1,1
ULTJ,2012,0.00020304314781814908,0.0,0.021697864105786748,0.23114891366621126,243.89853658536586,4729723.756097561,1163512044.0,246,Consumer Defensive,Beverages - Non-Alcoholic,13569618870272,10099437338624.0,1.5559053,0.18201,0.12235,0.462,0.218,0.359,0.223,False,1,1
ULTJ,2013,0.004257229634521535,0.0,0.03495928751825012,2.1914441030489247,753.2529098360656,3754347.098360656,916060692.0,244,Consumer Defensive,Beverages - Non-Alcoholic,13569618870272,10099437338624.0,1.5559053,0.18201,0.12235,0.462,0.218,0.359,0.223,False,1,1
ULTJ,2014,-0.0007676927585292359,0.0,0.01283340823986503,-0.14222392470176215,852.6684836065574,657836.0655737704,160512000.0,244,Consumer Defensive,Beverages - Non-Alcoholic,13569618870272,10099437338624.0,1.5559053,0.18201,0.12235,0.462,0.218,0.359,0.223,False,1,1
ULTJ,2015,0.00023981543901460594,0.0,0.018616106321152414,0.060491228070175485,823.5648979591837,187712.6530612245,45989600.0,245,Consumer Defensive,Beverages - Non-Alcoholic,13569618870272,10099437338624.0,1.5559053,0.18201,0.12235,0.462,0.218,0.359,0.223,False,1,1
ULTJ,2016,0.00045525011013352164,0.0,0.016430282183325214,0.1569675923144398,883.5641056910569,463893.0731707317,114117696.0,246,Consumer Defensive,Beverages - Non-Alcoholic,13569618870272,10099437338624.0,1.5559053,0.18201,0.12235,0.462,0.218,0.359,0.223,False,1,1
ULTJ,2017,0.0005143252857965116,0.0,0.01388899129583565,0.1395558971376345,1007.617125984252,623315.3543307086,158322100.0,254,Consumer Defensive,Beverages - Non-Alcoholic,13569618870272,10099437338624.0,1.5559053,0.18201,0.12235,0.462,0.218,0.359,0.223,False,1,1
ULTJ,2018,0.00026552036881818063,0.0,0.0214363507997848,0.051020315163004426,1067.475478927203,823606.8965517242,214961400.0,261,Consumer Defensive,Beverages - Non-Alcoholic,13569618870272,10099437338624.0,1.5559053,0.18201,0.12235,0.462,0.218,0.359,0.223,False,1,1
ULTJ,2019,0.001049347194207107,0.0,0.015269035755003456,0.2551617686591108,1204.7280155642022,882731.1284046692,226861900.0,257,Consumer Defensive,Beverages - Non-Alcoholic,13569618870272,10099437338624.0,1.5559053,0.18201,0.12235,0.462,0.218,0.359,0.223,False,1,1
ULTJ,2020,-0.0003272862198101983,0.0,0.02061839391832665,-0.023698816114350763,1375.9652479338845,1595548.7603305785,386122800.0,242,Consumer Defensive,Beverages - Non-Alcoholic,13569618870272,10099437338624.0,1.5559053,0.18201,0.12235,0.462,0.218,0.359,0.223,False,1,1
ULTJ,2021,0.00014652372580391165,0.0,0.008497906635199993,0.02090693681805922,1377.985748987854,903836.4372469636,223247600.0,247,Consumer Defensive,Beverages - Non-Alcoholic,13569618870272,10099437338624.0,1.5559053,0.18201,0.12235,0.462,0.218,0.359,0.223,False,1,1
ULTJ,2022,-0.00018496078068589537,0.0,0.008665372224079957,-0.038352868772204785,1358.9560162601626,806226.0162601626,198331600.0,246,Consumer Defensive,Beverages - Non-Alcoholic,13569618870272,10099437338624.0,1.5559053,0.18201,0.12235,0.462,0.218,0.359,0.223,False,1,1
ULTJ,2023,0.00040507865446427207,0.0,0.017457791066502505,0.07611869259130333,1541.0975732217573,2805541.841004184,670524500.0,239,Consumer Defensive,Beverages - Non-Alcoholic,13569618870272,10099437338624.0,1.5559053,0.18201,0.12235,0.462,0.218,0.359,0.223,False,1,1
ULTJ,2024,0.0006011466168726948,0.0,0.019582741869716362,0.11817611512265058,1727.6918987341771,3082428.270042194,730535500.0,237,Consumer Defensive,Beverages - Non-Alcoholic,13569618870272,10099437338624.0,1.5559053,0.18201,0.12235,0.462,0.218,0.359,0.223,False,1,1
ULTJ,2025,-0.0008183273501371744,0.0,0.018820205367557952,-0.18241743267718546,1384.7124152542374,3881377.5423728814,916005100.0,236,Consumer Defensive,Beverages - Non-Alcoholic,13569618870272,10099437338624.0,1.5559053,0.18201,0.12235,0.462,0.218,0.359,0.223,False,1,1
ULTJ,2026,-0.0005992873695426369,0.0,0.023778712579452452,-0.09059233449477355,1515.042735042735,4230379.487179487,494954400.0,117,Consumer Defensive,Beverages - Non-Alcoholic,13569618870272,10099437338624.0,1.5559053,0.18201,0.12235,0.462,0.218,0.359,0.223,False,1,1
UNVR,2010,0.0017874471762613004,0.0,0.0212280294912943,0.5275957240038871,1756.5475918367347,8257154.6122448975,2023002880.0,244,Consumer Defensive,Household & Personal Products,67416688164864,63746777022464.0,10.277046,0.74291,0.15605,9.027,0.028,0.738,0.265,False,1,1
UNVR,2011,0.0006779376007342191,0.0,0.01836595957415795,0.21543677535473615,1912.0074493927127,9697226.720647773,2395215000.0,247,Consumer Defensive,Household & Personal Products,67416688164864,63746777022464.0,10.277046,0.74291,0.15605,9.027,0.028,0.738,0.265,False,1,1
UNVR,2012,0.0009294531327587914,0.0,0.02104403312406148,0.1518312501363348,2830.221991869919,9670894.593495935,2379040070.0,246,Consumer Defensive,Household & Personal Products,67416688164864,63746777022464.0,10.277046,0.74291,0.15605,9.027,0.028,0.738,0.265,False,1,1
UNVR,2013,0.0007407187794553554,-0.0015622914908748342,0.02625719344674704,0.2178553486169894,3471.949713114754,7373632.684426229,1799166375.0,244,Consumer Defensive,Household & Personal Products,67416688164864,63746777022464.0,10.277046,0.74291,0.15605,9.027,0.028,0.738,0.265,False,1,1
UNVR,2014,0.0009848429249710519,0.0007896179451813978,0.014179201222388676,0.23367297875464632,3935.241680327869,8008936.4754098365,1954180500.0,244,Consumer Defensive,Household & Personal Products,67416688164864,63746777022464.0,10.277046,0.74291,0.15605,9.027,0.028,0.738,0.265,False,1,1
UNVR,2015,0.0006343366419365644,0.0,0.020906584308674467,0.16005821984480884,5117.599183673469,8493773.469387755,2080974500.0,245,Consumer Defensive,Household & Personal Products,67416688164864,63746777022464.0,10.277046,0.74291,0.15605,9.027,0.028,0.738,0.265,False,1,1
UNVR,2016,0.0002689055563658842,0.0,0.015498902974057137,0.09806570841889117,5833.388902439024,9673957.31707317,2379793500.0,246,Consumer Defensive,Household & Personal Products,67416688164864,63746777022464.0,10.277046,0.74291,0.15605,9.027,0.028,0.738,0.265,False,1,1
UNVR,2017,0.001507367951394407,0.0,0.010633877891432978,0.4664895148833679,6525.1294094488185,8195246.062992126,2081592500.0,254,Consumer Defensive,Household & Personal Products,67416688164864,63746777022464.0,10.277046,0.74291,0.15605,9.027,0.028,0.738,0.265,False,1,1
UNVR,2018,-0.0007160561934708618,0.0,0.017096102037987403,-0.1704655726667491,6674.802222222222,9976306.513409961,2603816000.0,261,Consumer Defensive,Household & Personal Products,67416688164864,63746777022464.0,10.277046,0.74291,0.15605,9.027,0.028,0.738,0.265,False,1,1
UNVR,2019,-0.00019294690378373006,0.0,0.01405255332344424,-0.0485615685551124,6632.627674418604,9723707.364341086,2508716500.0,258,Consumer Defensive,Household & Personal Products,67416688164864,63746777022464.0,10.277046,0.74291,0.15605,9.027,0.028,0.738,0.265,False,1,1
UNVR,2020,-0.0009653432307562842,0.0,0.021567545300163922,-0.11910056714555783,5794.332851239669,13715008.26446281,3319032000.0,242,Consumer Defensive,Household & Personal Products,67416688164864,63746777022464.0,10.277046,0.74291,0.15605,9.027,0.028,0.738,0.265,False,1,1
UNVR,2021,-0.0023573451768069257,-0.004513394390274428,0.02022634107003127,-0.43212031119607797,4094.3714170040485,23819021.457489878,5883298300.0,247,Consumer Defensive,Household & Personal Products,67416688164864,63746777022464.0,10.277046,0.74291,0.15605,9.027,0.028,0.738,0.265,False,1,1
UNVR,2022,0.0006029350369600439,0.0,0.02194758147571882,0.147090832476938,3504.0701219512193,26261442.68292683,6460314900.0,246,Consumer Defensive,Household & Personal Products,67416688164864,63746777022464.0,10.277046,0.74291,0.15605,9.027,0.028,0.738,0.265,False,1,1
UNVR,2023,-0.0010533204593803306,0.0,0.01643032589930701,-0.2094141179507033,3306.899832635983,14434289.121338911,3449795100.0,239,Consumer Defensive,Household & Personal Products,67416688164864,63746777022464.0,10.277046,0.74291,0.15605,9.027,0.028,0.738,0.265,False,1,1
UNVR,2024,-0.0020969819210919787,-0.0028064019754854286,0.02360917574051357,-0.4431669856556407,2152.9662869198314,19388159.071729958,4594993700.0,237,Consumer Defensive,Household & Personal Products,67416688164864,63746777022464.0,10.277046,0.74291,0.15605,9.027,0.028,0.738,0.265,False,1,1
UNVR,2025,0.0015943804896013656,0.0,0.031277169283861476,0.5108857032351437,1607.5836016949152,44141672.0338983,10417434600.0,236,Consumer Defensive,Household & Personal Products,67416688164864,63746777022464.0,10.277046,0.74291,0.15605,9.027,0.028,0.738,0.265,False,1,1
UNVR,2026,-0.002634893569318707,-0.004378574564930737,0.030355809363684823,-0.27272280290583095,1833.3482905982905,26574692.307692308,3109239000.0,117,Consumer Defensive,Household & Personal Products,67416688164864,63746777022464.0,10.277046,0.74291,0.15605,9.027,0.028,0.738,0.265,False,1,1
WIKA,2010,0.002837729335842336,0.0,0.027193941878191064,1.1127015973454744,393.45767346938777,27660721.47755102,6776876762.0,244,Industrials,Engineering & Construction,8133880578048,42358091546624.0,1.4378653,-1.8133299,-0.060850002,6422.033,-0.163,,0.132,False,1,1
WIKA,2011,-0.0007056992079608985,0.0,0.02203530571887441,-0.09722472193225584,498.4390688259109,7454113.35222672,1841165998.0,247,Industrials,Engineering & Construction,8133880578048,42358091546624.0,1.4378653,-1.8133299,-0.060850002,6422.033,-0.163,,0.132,False,1,1
WIKA,2012,0.003584819314249495,0.0,0.023898747261416435,1.4626196172248802,872.1174796747968,13298540.081300814,3271440860.0,246,Industrials,Engineering & Construction,8133880578048,42358091546624.0,1.4378653,-1.8133299,-0.060850002,6422.033,-0.163,,0.132,False,1,1
WIKA,2013,0.0005735392680699601,0.0,0.03217211177396164,0.03981237127933657,1634.0101229508196,28595267.8852459,6977245364.0,244,Industrials,Engineering & Construction,8133880578048,42358091546624.0,1.4378653,-1.8133299,-0.060850002,6422.033,-0.163,,0.132,False,1,1
WIKA,2014,0.0037727457313310436,0.0,0.02219671696420388,1.2400326867661606,2134.0761475409836,29798762.577868853,7270898069.0,244,Industrials,Engineering & Construction,8133880578048,42358091546624.0,1.4378653,-1.8133299,-0.060850002,6422.033,-0.163,,0.132,False,1,1
WIKA,2015,-0.001532333151262215,-0.0018139380800823446,0.023227299482260558,-0.27783474432346167,2617.5531836734694,15016280.281632653,3678988669.0,245,Industrials,Engineering & Construction,8133880578048,42358091546624.0,1.4378653,-1.8133299,-0.060850002,6422.033,-0.163,,0.132,False,1,1
WIKA,2016,-6.640734574323946e-05,0.0,0.02287286759499528,-0.018684346092682658,2351.77081300813,16932233.024390243,4165329324.0,246,Industrials,Engineering & Construction,8133880578048,42358091546624.0,1.4378653,-1.8133299,-0.060850002,6422.033,-0.163,,0.132,False,1,1
WIKA,2017,-0.0016088387006900856,0.0,0.016938624097601603,-0.3354499141803309,1998.9101574803149,17207171.65354331,4370621600.0,254,Industrials,Engineering & Construction,8133880578048,42358091546624.0,1.4378653,-1.8133299,-0.060850002,6422.033,-0.163,,0.132,False,1,1
WIKA,2018,0.0003437263445958679,0.0,0.026104418549636466,0.08356974563638997,1495.5149425287357,21690248.275862068,5661154800.0,261,Industrials,Engineering & Construction,8133880578048,42358091546624.0,1.4378653,-1.8133299,-0.060850002,6422.033,-0.163,,0.132,False,1,1
WIKA,2019,0.0008871587745865277,0.0,0.024242462316873447,0.22062188975878794,1998.0557976653697,20208358.365758754,5193548100.0,257,Industrials,Engineering & Construction,8133880578048,42358091546624.0,1.4378653,-1.8133299,-0.060850002,6422.033,-0.163,,0.132,False,1,1
WIKA,2020,0.000612721686696042,0.0,0.0367777072216131,0.015610210336200137,1361.7152892561983,35703976.44628099,8640362300.0,242,Industrials,Engineering & Construction,8133880578048,42358091546624.0,1.4378653,-1.8133299,-0.060850002,6422.033,-0.163,,0.132,False,1,1
WIKA,2021,-0.002890837171147985,-0.00407332538763594,0.03106171671314956,-0.45833333333333337,1354.8785425101214,43024844.53441296,10627136600.0,247,Industrials,Engineering & Construction,8133880578048,42358091546624.0,1.4378653,-1.8133299,-0.060850002,6422.033,-0.163,,0.132,False,1,1
WIKA,2022,-0.0013129629523736823,0.0,0.02168768351955915,-0.29824561403508776,969.6341463414634,19263959.349593494,4738934000.0,246,Industrials,Engineering & Construction,8133880578048,42358091546624.0,1.4378653,-1.8133299,-0.060850002,6422.033,-0.163,,0.132,False,1,1
WIKA,2023,-0.004738818195120755,-0.006968669316093745,0.030705494930574232,-0.6683060732428538,483.8577405857741,25768824.686192468,6158749100.0,239,Industrials,Engineering & Construction,8133880578048,42358091546624.0,1.4378653,-1.8133299,-0.060850002,6422.033,-0.163,,0.132,False,1,1
WIKA,2024,-0.0024397656967472627,0.0,0.03449255015828409,0.016666666666666607,258.2957805907173,69647870.0421941,16506545200.0,237,Industrials,Engineering & Construction,8133880578048,42358091546624.0,1.4378653,-1.8133299,-0.060850002,6422.033,-0.163,,0.132,False,1,1
WIKA,2025,-0.0009334307774973887,0.0,0.013244877547585562,-0.2153846153846154,206.52542372881356,2754225.8474576273,649997300.0,236,Industrials,Engineering & Construction,8133880578048,42358091546624.0,1.4378653,-1.8133299,-0.060850002,6422.033,-0.163,,0.132,False,1,1
WIKA,2026,0.0,0.0,0.0,0.0,204.0,0.0,0.0,119,Industrials,Engineering & Construction,8133880578048,42358091546624.0,1.4378653,-1.8133299,-0.060850002,6422.033,-0.163,,0.132,False,1,1
WTON,2014,0.0030157846881671475,0.0,0.021035580054714738,0.7105409653546402,788.844469273743,31948827.932960894,5718840200.0,178,Basic Materials,Building Materials,601367183360,823099719680.0,0.16569969,0.00115,0.009649999,11.304,-0.223,-0.056,0.293,False,1,1
WTON,2015,-0.0016305906143470525,-0.00256135474795105,0.02437411369864647,-0.3442123415179009,882.5979183673469,19431505.714285713,4760718900.0,245,Basic Materials,Building Materials,601367183360,823099719680.0,0.16569969,0.00115,0.009649999,11.304,-0.223,-0.056,0.293,False,1,1
WTON,2016,2.6484300267827366e-05,0.0,0.01885342518034125,0.03781085328649336,758.83589958159,21341244.351464435,5100557400.0,239,Basic Materials,Building Materials,601367183360,823099719680.0,0.16569969,0.00115,0.009649999,11.304,-0.223,-0.056,0.293,False,1,1
WTON,2017,-0.001968571745426586,0.0,0.01932792566223656,-0.3866025298414394,549.7667588932806,12452691.699604742,3150531000.0,253,Basic Materials,Building Materials,601367183360,823099719680.0,0.16569969,0.00115,0.009649999,11.304,-0.223,-0.056,0.293,False,1,1
WTON,2018,-0.000984073726866737,0.0,0.02150047999646246,-0.23022557846838998,368.9968582375479,12828515.708812261,3348242600.0,261,Basic Materials,Building Materials,601367183360,823099719680.0,0.16569969,0.00115,0.009649999,11.304,-0.223,-0.056,0.293,False,1,1
WTON,2019,0.0005899168667967985,0.0,0.025399678275652576,0.23248647968808944,438.9690661478599,22213129.571984436,5708774300.0,257,Basic Materials,Building Materials,601367183360,823099719680.0,0.16569969,0.00115,0.009649999,11.304,-0.223,-0.056,0.293,False,1,1
WTON,2020,-0.000870030468890341,0.0,0.032711814361725315,-0.08762572386467538,272.60822314049585,21628277.272727273,5234043100.0,242,Basic Materials,Building Materials,601367183360,823099719680.0,0.16569969,0.00115,0.009649999,11.304,-0.223,-0.056,0.293,False,1,1
WTON,2021,-0.0017824373079023312,0.0,0.024040902382914283,-0.3996937212863706,273.4286639676113,20047708.09716599,4951783900.0,247,Basic Materials,Building Materials,601367183360,823099719680.0,0.16569969,0.00115,0.009649999,11.304,-0.223,-0.056,0.293,False,1,1
WTON,2022,-0.000991220579411419,0.0,0.018925242668533026,-0.23522708087118016,203.94341463414634,7742159.349593496,1904571200.0,246,Basic Materials,Building Materials,601367183360,823099719680.0,0.16569969,0.00115,0.009649999,11.304,-0.223,-0.056,0.293,False,1,1
WTON,2023,-0.0023327738326484825,0.0,0.020920502953982418,-0.4250368671145339,146.513179916318,5584169.874476988,1334616600.0,239,Basic Materials,Building Materials,601367183360,823099719680.0,0.16569969,0.00115,0.009649999,11.304,-0.223,-0.056,0.293,False,1,1
WTON,2024,-0.0028902265208733645,-0.008767625197735995,0.025728512243010124,-0.28555294117647056,92.65742616033756,17022968.776371308,4034443600.0,237,Basic Materials,Building Materials,601367183360,823099719680.0,0.16569969,0.00115,0.009649999,11.304,-0.223,-0.056,0.293,False,1,1
WTON,2025,0.00033120372995453943,0.0,0.029151553618467663,0.22742270560918976,87.37627118644068,20960921.610169493,4946777500.0,236,Basic Materials,Building Materials,601367183360,823099719680.0,0.16569969,0.00115,0.009649999,11.304,-0.223,-0.056,0.293,False,1,1
WTON,2026,-0.003351875620600945,0.0,0.02564528837615264,-0.30618401206636503,87.8805982905983,12193110.256410256,1426593900.0,117,Basic Materials,Building Materials,601367183360,823099719680.0,0.16569969,0.00115,0.009649999,11.304,-0.223,-0.056,0.293,False,1,1
